entry_rank,contributor,first_deposit_time,first_hour,max_early_bps,final_weight_eth,approx_points,deposit_count,cluster_size,possible_shell
1,0x200e710acaa6a93bbc77146026328c40f1d60fb1,2026-08-16 20:02:23.000 UTC,0,19975,0.0999,316,1,1,true
2,0x84cb570cfea8c6afd3b6c1ab491db754886bf8e7,2026-08-16 20:12:47.000 UTC,0,19903,3.3589,1832.7,2,1,false
3,0xfb0d8b94027c5109ae89c5f08b025cc598cf6f49,2026-08-16 20:16:23.000 UTC,0,19878,103.6578,10181.2,3,1,false
4,0x0a33bb5047489ee4fad6604f3fa5fc65e4df378c,2026-08-16 20:17:35.000 UTC,0,19870,2.3786,1542.3,4,1,false
5,0xcd211569a108fdac74d729ba7358a743a3c2e08d,2026-08-16 20:19:59.000 UTC,0,19853,3.3041,1817.7,2,2,false
6,0x5f6679226356a626bf8415f87f4dc089670679ce,2026-08-16 20:19:59.000 UTC,0,19853,0.7941,891.1,1,2,false
7,0xa227a71e217173de3edcbfb66607e3ef283e4a82,2026-08-16 20:20:11.000 UTC,0,19852,3.9139,1978.3,2,1,false
8,0xa1c64f69f35517620caddeece857d2e9d938e8cc,2026-08-16 20:21:11.000 UTC,0,19845,1.9779,1406.4,3,1,false
9,0x0f78bcca510d3865c42a956afc811543eee9e736,2026-08-16 20:21:47.000 UTC,0,19841,18.3902,4288.4,10,2,false
10,0xf2369008053ca8e6fd7a0ccea3baf0915eff1149,2026-08-16 20:21:47.000 UTC,0,19841,0.583,763.5,3,2,false
11,0x1a751188343bee997ff2132f5454e0b5da477705,2026-08-16 20:23:35.000 UTC,0,19828,7.5108,2740.6,2,1,false
12,0x8dcdb2db0268cde7b5c55492ef31e4fa3d187ac8,2026-08-16 20:25:11.000 UTC,0,19817,0.0991,314.8,1,1,true
13,0x5869458f360d8c1ce49e35fccb3d0a1f25e8d533,2026-08-16 20:25:23.000 UTC,0,19816,13.8325,3719.2,2,1,false
14,0x6c39d7e6d7689b7a0d81aff7cc8a346fe054ff13,2026-08-16 20:25:47.000 UTC,0,19813,1.7786,1333.6,3,1,false
15,0x356422bce99809efbf348c2a21a0f54fa98f74ad,2026-08-16 20:26:23.000 UTC,0,19809,1.3855,1177.1,2,1,false
16,0x5359acbef3ede7f6bbe748105f421c6140d32f93,2026-08-16 20:27:35.000 UTC,0,19800,0.099,314.6,1,1,true
17,0x1edf4a63ed081aa473e6c764e59931c37d70d10d,2026-08-16 20:30:35.000 UTC,0,19780,0.0989,314.5,1,1,true
18,0xf8ac5532cf5d261c00c5a71c246225256db6424d,2026-08-16 20:30:47.000 UTC,0,19778,2.3572,1535.3,12,1,false
19,0xa8c4aa8aa2673918605211cad32631aaf3aad0ee,2026-08-16 20:32:11.000 UTC,0,19769,0.4633,680.7,2,1,false
20,0xbb24cda09cb5a838ec93bae56278dc799f34feb4,2026-08-16 20:32:35.000 UTC,0,19766,333.596,18264.6,3,3,false
21,0x64d65e1c4f2e70dc1114f14c6505678c048da7ec,2026-08-16 20:32:35.000 UTC,0,19766,0.1087,329.7,1,3,true
22,0xfc36db952de0156ad45a9c6654cab1ba07dadec2,2026-08-16 20:32:35.000 UTC,0,19766,1.9384,1392.3,2,3,false
23,0x1cbd934eaf49fe310ba4e27606029c9def0168e3,2026-08-16 20:34:23.000 UTC,0,19753,7.0308,2651.6,4,1,false
24,0x117666ca1e398f5facd20ad95812547d6a294188,2026-08-16 20:34:47.000 UTC,0,19750,20.1441,4488.2,3,1,false
25,0xb4b8ca0da5b9e3d21da50ebac065c32d8d30223d,2026-08-16 20:35:47.000 UTC,0,19744,0.5923,769.6,1,1,false
26,0x6cbee5bba3e771ffe27529b9bbb4158a210bf31c,2026-08-16 20:36:59.000 UTC,0,19735,0.1184,344.1,1,1,true
27,0x0bc208668fc26079a688dc02eaa7c3e395f41ea0,2026-08-16 20:37:11.000 UTC,0,19734,7.9984,2828.1,4,2,false
28,0xaa90befc76b37f487eec5c1a593ea5b9826440be,2026-08-16 20:37:11.000 UTC,0,19734,0.3937,627.4,2,2,false
29,0xb133ae084c2c914fb5b47af6b55c46f1bffeb2fc,2026-08-16 20:37:23.000 UTC,0,19732,3.9324,1983,10,1,false
30,0x2acb1b6a22fbf3f5aacdc22709624622a8aef391,2026-08-16 20:37:35.000 UTC,0,19731,0.0987,314.1,1,1,true
31,0xaf3c7db3a8ca9fe3dc12930b8c93862c490270f9,2026-08-16 20:38:23.000 UTC,0,19725,0.0986,314,1,1,true
32,0xddf76229fc7467699fd73015c5fa7c31cc34de8b,2026-08-16 20:38:35.000 UTC,0,19724,0.0986,314,1,1,true
33,0xe9dc9fecdd9ece9d6510e1521ede1fd350a5b32a,2026-08-16 20:38:59.000 UTC,0,19721,0.0986,314,1,1,true
34,0xdea10e83d50fa5291735b87da783f86b78df0a60,2026-08-16 20:39:11.000 UTC,0,19720,4.0431,2010.7,2,1,false
35,0x2c4109e0f6aa46986c66ddcd66c6c7c80cebb4d7,2026-08-16 20:39:23.000 UTC,0,19719,6.8336,2614.1,36,1,false
36,0x4ac4a33101abb2aa21167de2b881429b915818a3,2026-08-16 20:41:35.000 UTC,0,19703,125.0828,11184,2,1,false
37,0x2a407a15cbb71ae28ec10aad30b7f2e4ee4f3e1b,2026-08-16 20:42:11.000 UTC,0,19699,0.0985,313.8,1,1,true
38,0xb3a898e8e48ed3fb1b6e147448de0f84be977876,2026-08-16 20:42:47.000 UTC,0,19695,0.0985,313.8,1,1,true
39,0x21605b0669ba6df9830372fadf7ddcc843bbc3cd,2026-08-16 20:42:59.000 UTC,0,19694,0.5908,768.6,1,1,false
40,0xd89424fbd54c73dab3e9efb7712ceb42c262ae76,2026-08-16 20:43:35.000 UTC,0,19689,2.1658,1471.7,1,1,false
41,0xad128b4fd496ca73eb54b93529a0519c875125ce,2026-08-16 20:45:11.000 UTC,0,19678,0.1968,443.6,1,1,false
42,0x997768db040a75e7b9828a8d2ca284ac9ac285c2,2026-08-16 20:45:23.000 UTC,0,19677,39.1376,6256,1,1,false
43,0x9f8b044f1b7ae5e7b39feabf2cc1ca29f8696969,2026-08-16 20:45:47.000 UTC,0,19674,0.964,981.8,1,2,false
44,0x18d83900be18130e5eef42d9b95b22035436cfda,2026-08-16 20:45:47.000 UTC,0,19674,0.0984,313.6,1,2,true
45,0x29e7a8f8fac7459a245a20e8e00e4dcbf36de34f,2026-08-16 20:46:23.000 UTC,0,19670,2.9505,1717.7,1,1,false
46,0x280256a8fedb77a95de57e4283caee8fa79df393,2026-08-16 20:46:35.000 UTC,0,19669,0.0983,313.6,1,1,true
47,0x381fe486d87c7f2633c777f1b5be3105a2a51744,2026-08-16 20:46:47.000 UTC,0,19667,902.1074,30035.1,2,1,false
48,0x2d3162890e0a81bb0f4a1f65e8878d20853f6216,2026-08-16 20:46:59.000 UTC,0,19666,1.1767,1084.8,2,1,false
49,0x3deae4151a506e30db9dc355e5916dd092eb16c5,2026-08-16 20:47:11.000 UTC,0,19664,0.0983,313.6,1,2,true
50,0x277c74f45724945b2066f305fcb5a609312390e2,2026-08-16 20:47:11.000 UTC,0,19664,0.768,876.3,6,2,false
51,0xc0aa7dc633e1302be1e46f54a50f8277e3eeeffe,2026-08-16 20:47:35.000 UTC,0,19662,0.0983,313.5,1,1,true
52,0xbc87ca75ee832c4d6894790958ba8c9d3b48beb6,2026-08-16 20:47:47.000 UTC,0,19660,117.96,10860.9,1,1,false
53,0xf942ae085a1e99c14bd96d8dffece904edacd375,2026-08-16 20:48:11.000 UTC,0,19657,1.7691,1330.1,1,2,false
54,0x0349b10a1a14384472e0b77c00355f4c434218c1,2026-08-16 20:48:11.000 UTC,0,19657,0.1179,343.4,1,2,true
55,0x454dfa08059be8e099b5abd4eae322aa5446a103,2026-08-16 20:48:23.000 UTC,0,19656,117.936,10859.8,1,1,false
56,0xba76105002555307564e7b873369fd4f4fd61abb,2026-08-16 20:48:59.000 UTC,0,19652,5.9448,2438.2,31,3,false
57,0xac0b17cb215403425600b24a0e354384f2682d32,2026-08-16 20:48:59.000 UTC,0,19652,117.912,10858.7,1,3,false
58,0x75dc5dcd70311a9b45da9d41fa9882d6badff108,2026-08-16 20:48:59.000 UTC,0,19652,0.0983,313.5,1,3,true
59,0x0dd29a896e1f200efdf2f6df76d27e23df04413d,2026-08-16 20:49:11.000 UTC,0,19650,15.72,3964.8,1,1,false
60,0x3195c3f94154364e897711e501e104f40d8e23fb,2026-08-16 20:49:23.000 UTC,0,19649,0.1965,443.3,1,1,false
61,0x0d90934796058214969880d861e0973eebcb62f8,2026-08-16 20:49:47.000 UTC,0,19646,0.0982,313.4,1,1,true
62,0x9e6d507bbe988cf6b04f761ebdd56a13486a3554,2026-08-16 20:50:11.000 UTC,0,19644,117.864,10856.5,1,2,false
63,0xa394ac5fab69542a9f2c8e291c4770078aa12d0a,2026-08-16 20:50:11.000 UTC,0,19644,0.0982,313.4,1,2,true
64,0x15157bbbe2a782796e9674282e11b9c6b3ce17a2,2026-08-16 20:50:23.000 UTC,0,19642,0.0982,313.4,1,3,true
65,0x56289a9680906ea2838cc21fac8e8bf2111d1883,2026-08-16 20:50:23.000 UTC,0,19642,0.1925,438.7,1,3,false
66,0x897bccce901cedf765ffad08f560b33329ddabe7,2026-08-16 20:50:23.000 UTC,0,19642,2.5483,1596.4,3,3,false
67,0x7f78c53cfbb7c43627f3f9e1cec119e9bafc62c6,2026-08-16 20:50:47.000 UTC,0,19639,117.834,10855.1,1,2,false
68,0xc1a0a95eeecabebb15569a602bbbc5ffa69a23ea,2026-08-16 20:50:47.000 UTC,0,19639,0.1748,418.1,1,2,false
69,0x3117942898099e2f5d8073386900a182d20ce7a5,2026-08-16 20:51:23.000 UTC,0,19635,0.1964,443.1,1,1,false
70,0xf0f9d2d136e414ab6e73175d67fe73e87351ca4e,2026-08-16 20:51:59.000 UTC,0,19631,117.786,10852.9,1,2,false
71,0x0a007423ae4c747a4de199c860faeaf5623d7a1f,2026-08-16 20:51:59.000 UTC,0,19631,0.8031,896.1,6,2,false
72,0x9624155ef10797206224eea2256849dc3c468554,2026-08-16 20:52:35.000 UTC,0,19627,117.762,10851.8,1,1,false
73,0x31bfbe1a55047a2a35922015d77b34ea1dda6a61,2026-08-16 20:52:47.000 UTC,0,19625,0.1943,440.8,1,2,false
74,0x65fcec1f5bfa9c8d8b93bc1dba740b5977019696,2026-08-16 20:52:47.000 UTC,0,19625,2.7671,1663.5,1,2,false
75,0x392a66191156b087ec8c185b1fbb21e9b6d963e4,2026-08-16 20:52:59.000 UTC,0,19624,117.744,10851,1,2,false
76,0xddb9ab1421e6f1d864c01ba63fb05b183d5ea4d4,2026-08-16 20:52:59.000 UTC,0,19624,3.1085,1763.1,6,2,false
77,0x9d20ba0c32e83a412960b53b2b55957aad3664da,2026-08-16 20:53:23.000 UTC,0,19621,117.726,10850.2,1,1,false
78,0x4b753596d3ade92ef5b5ba6ec559563631a62e1d,2026-08-16 20:53:35.000 UTC,0,19620,0.0981,313.2,1,1,true
79,0xe0416611e9ef39033d59128b223fb62527e9167f,2026-08-16 20:53:47.000 UTC,0,19619,1.4683,1211.7,8,1,false
80,0x1e467dfde1d23b54d74333fbade18b1902f07412,2026-08-16 20:53:59.000 UTC,0,19617,13.7165,3703.6,3,2,false
81,0x500e4170fce824fcdc62d5e0d1f8e3a202634deb,2026-08-16 20:53:59.000 UTC,0,19617,6.5267,2554.7,2,2,false
82,0xb0946ca49309c1aff5ed8357a94d314ccb47afe9,2026-08-16 20:54:23.000 UTC,0,19614,1.9597,1399.9,2,2,false
83,0xd7bbba0ba418144394413a3ad55196939d7d21cc,2026-08-16 20:54:23.000 UTC,0,19614,0.5688,754.2,1,2,false
84,0xb19d8bee913c07fe553800a65d94bc9075a8a124,2026-08-16 20:54:35.000 UTC,0,19613,2.7451,1656.8,2,1,false
85,0xb966968d6c58a04cae205cdd18c3800c46caa87a,2026-08-16 20:55:35.000 UTC,0,19606,0.1961,442.8,1,4,false
86,0x97804d60f9d695544fcfd1797605f5d1c90f445f,2026-08-16 20:55:35.000 UTC,0,19606,1.5685,1252.4,1,4,false
87,0xe5d3293a09205d691f7a436c53ff936989850065,2026-08-16 20:55:35.000 UTC,0,19606,1.9606,1400.2,1,4,false
88,0xfbad08461214a9c8c1e194d6a7c35c66eaeb0531,2026-08-16 20:55:35.000 UTC,0,19606,0.098,313.1,1,4,true
89,0xc174ec23b7a9765871839cfa9c872123c9b794f2,2026-08-16 20:55:47.000 UTC,0,19605,99.0052,9950.1,1,1,false
90,0xbbe257e143f486405567279f804179beaaee4320,2026-08-16 20:55:59.000 UTC,0,19603,0.5097,713.9,1,1,false
91,0x29e6b3a3b3f377a07ad23b41cf0f292bb86d3aee,2026-08-16 20:56:11.000 UTC,0,19602,2.2542,1501.4,1,2,false
92,0x2fb4709d5fa2dbe63a28529617c83b2f3222c63c,2026-08-16 20:56:11.000 UTC,0,19602,0.4112,641.2,2,2,false
93,0x5841c9d825992d9855a7d7f89740ae2f2cba92b1,2026-08-16 20:56:35.000 UTC,0,19599,0.098,313,1,1,true
94,0x8e49f27740cba1e6d5799d8562cdf580c66d666e,2026-08-16 20:57:11.000 UTC,0,19595,1.9587,1399.5,2,1,false
95,0x887b86b6b6957f7bbea88b8cefd392f39236a88c,2026-08-16 20:57:35.000 UTC,0,19592,0.3288,573.4,2,1,false
96,0x3ed8130f2bb4034cc6f6d4a38f725c32c2a72ed0,2026-08-16 20:57:59.000 UTC,0,19589,0.3918,625.9,1,1,false
97,0x1294332c03933c770a0d91adc7e0f1fccc7476b9,2026-08-16 20:58:47.000 UTC,1,19584,0.0979,312.9,1,1,true
98,0x923765ebfcdc39486ddd90ea3fa58de9b63d6676,2026-08-16 20:59:11.000 UTC,1,19581,0.0979,312.9,1,2,true
99,0x1257611d62a17cc216fc6680896bd502f651e60c,2026-08-16 20:59:11.000 UTC,1,19581,0.0979,312.9,1,2,true
100,0x518b1cf3f887b35c606a9333b5ef013565ff9b64,2026-08-16 20:59:23.000 UTC,1,19580,3.9101,1977.4,2,1,false
101,0x6ba9ad599e6271252817933831e3148936cf742a,2026-08-16 20:59:35.000 UTC,1,19578,0.5873,766.4,1,1,false
102,0xbdc15474d336a82113e0eb41ee572092298d3be0,2026-08-16 21:00:35.000 UTC,1,19571,0.0979,312.8,1,2,true
103,0x95299c134bb8e9b0a35a2ff2a389e1041da26d42,2026-08-16 21:00:35.000 UTC,1,19571,5.6756,2382.3,1,2,false
104,0xa1ba5d056ace124a787b0aa7146c8fd0258ccc37,2026-08-16 21:00:47.000 UTC,1,19570,9.3886,3064.1,2,1,false
105,0xa71f4a4135ed06425c075040458a5d7e79e14e98,2026-08-16 21:01:11.000 UTC,1,19567,0.0978,312.8,1,1,true
106,0xa3747c66dec0cb61f7bf2b6d22ddd289934b64ca,2026-08-16 21:01:35.000 UTC,1,19564,0.2152,463.9,1,1,false
107,0x57eaa5c142ccd063d511811b1166bc92411a8c7c,2026-08-16 21:01:47.000 UTC,1,19563,1.9563,1398.7,1,3,false
108,0xeae9870e408327733aacba4bdc33fc14822a48da,2026-08-16 21:01:47.000 UTC,1,19563,1.9367,1391.7,1,3,false
109,0xb01fad6556c1d4e91311b5538a5f53d5c27ffa7e,2026-08-16 21:01:47.000 UTC,1,19563,13.6941,3700.6,1,3,false
110,0xe8e4eb3fe4a93b45ddc4589abdd8f8e006d0533d,2026-08-16 21:01:59.000 UTC,1,19562,5.8459,2417.8,4,1,false
111,0xf10fc94e0710d19e434f0f809f4e6b0f413852c3,2026-08-16 21:02:35.000 UTC,1,19557,1.7601,1326.7,1,1,false
112,0x7a27b0e5d47ec43f14e38254d3780d6ddd44a07e,2026-08-16 21:03:35.000 UTC,1,19550,7.1358,2671.3,1,1,false
113,0x30313729540629c3c964d389d21a952cd356b451,2026-08-16 21:03:59.000 UTC,1,19548,0.2311,480.8,2,1,false
114,0x3114b610c4521af0405f3bcd48f595dad3742484,2026-08-16 21:04:11.000 UTC,1,19546,0.1955,442.1,1,1,false
115,0x5efd95ced49055f9f2d945a459debfccee33aa54,2026-08-16 21:04:59.000 UTC,1,19541,0.1505,387.9,1,3,false
116,0xc51eae1bfd3ea2f258416d479e40432aa60b423f,2026-08-16 21:04:59.000 UTC,1,19541,0.1954,442.1,1,3,false
117,0x071fea452e692c05521cdcebef5bc03fc6097ebb,2026-08-16 21:04:59.000 UTC,1,19541,0.0977,312.6,1,3,true
118,0x5247ceda6ff94c4f42d1db185f77781574c20c2f,2026-08-16 21:05:47.000 UTC,1,19535,0.0977,312.5,1,1,true
119,0xc27a7ebfc90489cc07174399956f425678b29b79,2026-08-16 21:05:59.000 UTC,1,19534,66.3052,8142.8,2,2,false
120,0xdee2f1f56518c45fa93326a2bb5ee2d6c9ecc450,2026-08-16 21:05:59.000 UTC,1,19534,2.3277,1525.7,1,2,false
121,0xb110fd66cb6d54dc0ae2b4c39ad8b8b2f6ece387,2026-08-16 21:06:11.000 UTC,1,19532,0.3905,624.9,2,1,false
122,0xc2f0fec9c0b32dc7e5545fae090c3c4d83112eac,2026-08-16 21:06:23.000 UTC,1,19531,1.9531,1397.5,1,3,false
123,0x68b65ca9af87d57a447a7bd5031aaa52bd734bd6,2026-08-16 21:06:23.000 UTC,1,19531,23.2336,4820.1,2,3,false
124,0x57cfe855b6047d8a751c2e92f460293731234ade,2026-08-16 21:06:23.000 UTC,1,19531,0.3906,625,1,3,false
125,0x15c7876694449d887bd1ef31e96361c4dbc66cd7,2026-08-16 21:06:59.000 UTC,1,19527,0.1347,367.1,1,1,true
126,0x02856fadf19fdd7049a981885a575d962135fa8b,2026-08-16 21:07:11.000 UTC,1,19525,0.289,537.6,1,1,false
127,0x24c3f0f9697cf01e6fd74ae7db421e70626f99d8,2026-08-16 21:07:23.000 UTC,1,19524,0.2441,494,1,1,false
128,0xa2dcb5b3a784f4772687e21b9395d4fb0213b252,2026-08-16 21:07:59.000 UTC,1,19520,4.0797,2019.8,1,1,false
129,0x524610631b61d12913017e18ac8bdc3cc9551f85,2026-08-16 21:08:47.000 UTC,1,19514,0.0976,312.4,1,2,true
130,0xeca6af7c75cd6b85e9bb45e3f9397771cb1e23bf,2026-08-16 21:08:47.000 UTC,1,19514,0.1951,441.7,1,2,false
131,0x0ea1496f37f5a945f084dcce266c79421e15f089,2026-08-16 21:08:59.000 UTC,1,19513,0.3902,624.7,2,2,false
132,0xfbb4dbf497d1adb40724ce29dc6f3bd81168e407,2026-08-16 21:08:59.000 UTC,1,19513,0.5249,724.5,4,2,false
133,0xddbea044d0910dc32d6829d3ab319360db15ba78,2026-08-16 21:09:23.000 UTC,1,19510,0.8133,901.8,3,2,false
134,0xd8222670b20761708d32a6a9b5e2f3a266d9673d,2026-08-16 21:09:23.000 UTC,1,19510,338.5654,18400.1,2,2,false
135,0x605fbdd3d2e9ba4966222748332a4137ed2ddee9,2026-08-16 21:09:47.000 UTC,1,19507,0.8722,933.9,5,1,false
136,0x927192c4158bbfd98874ef9e781abfff43bbbb5b,2026-08-16 21:10:11.000 UTC,1,19505,0.0975,312.3,1,2,true
137,0xb602e9a49723edf38257c4da2368c165064b1fd7,2026-08-16 21:10:11.000 UTC,1,19505,0.0975,312.3,1,2,true
138,0x27fe4347de50c7874a76d670651a13e778ee56a8,2026-08-16 21:11:11.000 UTC,1,19498,23.2026,4816.9,1,1,false
139,0x4b16fdb337dcc672a34cc2b941d19856442ca4c1,2026-08-16 21:11:23.000 UTC,1,19496,3.3981,1843.4,18,1,false
140,0x185a852cdf98a305cff044c121674dd479276096,2026-08-16 21:11:59.000 UTC,1,19492,0.0975,312.2,1,4,true
141,0x000000a2598c0661bd93b22c3f87e0ced366eebe,2026-08-16 21:11:59.000 UTC,1,19492,0.8756,935.7,5,4,false
142,0x4555f6c05eab70f1b61807a450b03cc7fed048c4,2026-08-16 21:11:59.000 UTC,1,19492,21.4412,4630.5,1,4,false
143,0x16b7094aec60d2414f885d8f0455b2cc4bd7ff96,2026-08-16 21:11:59.000 UTC,1,19492,0.4866,697.6,2,4,false
144,0x6764090259f95640563e999e386e742c2935a633,2026-08-16 21:12:59.000 UTC,1,19485,2.5917,1609.9,4,1,false
145,0xaf97fc3767598eda089d8d1d5b21e1fb9dfdccc1,2026-08-16 21:13:23.000 UTC,1,19482,1.7534,1324.2,1,1,false
146,0xe607f82f01b334d4ffd298f0f5d24d3f7bf49d5b,2026-08-16 21:14:11.000 UTC,1,19477,0.0974,312.1,1,1,true
147,0xef5212b2397ec10010b9b78806c727a0c20fa779,2026-08-16 21:14:23.000 UTC,1,19475,2.5754,1604.8,2,1,false
148,0x2132234ddeacc84fe4ee3d7fd0eb9f7417e01e87,2026-08-16 21:14:35.000 UTC,1,19474,0.0974,312,1,1,true
149,0xc5366ac64366c4a5a0f93638e2a290705f68635a,2026-08-16 21:14:47.000 UTC,1,19473,4.7709,2184.2,1,1,false
150,0x59ee696890b454cad31c88884682e3bb54014c5f,2026-08-16 21:14:59.000 UTC,1,19471,0.0974,312,1,1,true
151,0xc99cc669db66e14506a4778ae12ea78c2f7f4a6b,2026-08-16 21:15:11.000 UTC,1,19470,23.1693,4813.4,1,1,false
152,0xbba673e630d602c9e58ac8335ffb070d918d6089,2026-08-16 21:15:35.000 UTC,1,19467,0.0973,312,1,1,true
153,0x01cc6f2eb39fc2852be361b77800fd11ff22edbe,2026-08-16 21:16:35.000 UTC,1,19460,13.622,3690.8,1,3,false
154,0x0c708fb3558f80b040634853e43013d12206d932,2026-08-16 21:16:35.000 UTC,1,19460,0.1946,441.1,1,3,false
155,0x4ba5124c14c8ded08e5b9ca7d39c89f1cc327e99,2026-08-16 21:16:35.000 UTC,1,19460,0.6807,825.1,4,3,false
156,0x5476ff2a30103b83a67e57d21c699e66352a9ffb,2026-08-16 21:16:47.000 UTC,1,19459,38.918,6238.4,1,2,false
157,0x73baa547e31e7fbc1fb7cfcf0704ed5c59b5bdbd,2026-08-16 21:16:47.000 UTC,1,19459,0.0983,313.5,1,2,true
158,0xa78af4e15b612d3d2575a2618771344787774ae0,2026-08-16 21:17:11.000 UTC,1,19456,0.9728,986.3,1,2,false
159,0xc324429ac3f275d02cb4134114b55c0682dfc027,2026-08-16 21:17:11.000 UTC,1,19456,2.4218,1556.2,3,2,false
160,0xdc879d226bdedf4798d9c37a6b51c87437cd09a3,2026-08-16 21:17:47.000 UTC,1,19452,0.9726,986.2,1,1,false
161,0xe80f0054b45abcefad67453a58cc05a92aea0f60,2026-08-16 21:17:59.000 UTC,1,19450,1.945,1394.6,1,1,false
162,0xcfa188662925fa90e364494b26a61a35caae077e,2026-08-16 21:18:11.000 UTC,1,19449,18.6941,4323.7,10,1,false
163,0x91fa425c6fd7865cea4a35610962d4dd6571956e,2026-08-16 21:18:23.000 UTC,1,19448,14.0998,3755,1,1,false
164,0x0f0f0a760a6e7182ba9410f576cacbfcd3c41541,2026-08-16 21:18:35.000 UTC,1,19446,13.6117,3689.4,2,2,false
165,0xa7cc5bad3d643b216731dcf281a547b9379a2e30,2026-08-16 21:18:35.000 UTC,1,19446,0.5248,724.4,2,2,false
166,0xbd9c944dcfb31cd24c81ebf1c974d950f44e42b8,2026-08-16 21:18:47.000 UTC,1,19445,95.9443,9795.1,30,3,false
167,0x5fed95063ce019ba38c606658a36a62904358588,2026-08-16 21:18:47.000 UTC,1,19445,0.1867,432.1,1,3,false
168,0xd20c9018a5097e922e9c0539aef389c871e76c3f,2026-08-16 21:18:47.000 UTC,1,19445,0.9703,985,2,3,false
169,0xd4c4ff2fa2812cf5c5d1b0d9de98bcbbb06fb1cf,2026-08-16 21:18:59.000 UTC,1,19444,0.0972,311.8,1,1,true
170,0x22e70e52787b75e5dafa2f38fb38062bf76e32b5,2026-08-16 21:19:23.000 UTC,1,19441,0.0972,311.8,1,4,true
171,0x8e80a50e4ad76cc6bfa66232c826dbb2593ec7e8,2026-08-16 21:19:23.000 UTC,1,19441,0.2139,462.4,1,4,false
172,0xbb0d56d2bc82d33ba8879ec3604619d32dd567b6,2026-08-16 21:19:23.000 UTC,1,19441,0.3873,622.3,2,4,false
173,0xccc3673924d5045bc6109d58d5eb6cb1f370df11,2026-08-16 21:19:23.000 UTC,1,19441,0.0972,311.8,1,4,true
174,0x7ecb01f223a3f51940ec65280b786ac74ad2e92d,2026-08-16 21:19:35.000 UTC,1,19439,0.0972,311.8,1,4,true
175,0xa38d9de49eca97a259b57c2f5abb1b2fcff941c2,2026-08-16 21:19:35.000 UTC,1,19439,14.2488,3774.8,1,4,false
176,0x5792f5cb5ae4716100c504211349ddb63eb1d828,2026-08-16 21:19:35.000 UTC,1,19439,0.6182,786.2,1,4,false
177,0x4cb75146e98562c9d79b31649c6c739e4dcb7cd5,2026-08-16 21:19:35.000 UTC,1,19439,0.0982,313.3,1,4,true
178,0xc9ce3f407b40e1fb7061dbea0fca5dc7ffd18e99,2026-08-16 21:19:47.000 UTC,1,19438,0.7769,881.4,4,2,false
179,0x2071946399641f3a845cdc1ab2397fd006d1642a,2026-08-16 21:19:47.000 UTC,1,19438,0.0972,311.8,1,2,true
180,0x3a9436134db40a6a210eb642b3c495b30e082ee4,2026-08-16 21:19:59.000 UTC,1,19437,0.2916,540,1,2,false
181,0x3c55bb88ae940eae2972ffde751d10aa08f18234,2026-08-16 21:19:59.000 UTC,1,19437,0.758,870.7,1,2,false
182,0x88e4ed76ab146ab4f9fe9bf1deb974aef83e9293,2026-08-16 21:20:11.000 UTC,1,19435,0.0972,311.7,1,3,true
183,0x41c74f194b9bec74475a5a461cf732d6d15be78e,2026-08-16 21:20:11.000 UTC,1,19435,0.3887,623.5,1,3,false
184,0x356cac3441ebac708d3c88d0c464dd2621a8c355,2026-08-16 21:20:11.000 UTC,1,19435,0.2909,539.4,2,3,false
185,0x565b8545522e23601dbc6d2e5ce1f6ac038bafb8,2026-08-16 21:20:47.000 UTC,1,19431,0.0972,311.7,1,1,true
186,0xf845335a943109c8a80d98e6f6a606915b562dd6,2026-08-16 21:20:59.000 UTC,1,19430,0.0972,311.7,1,2,true
187,0xbe4a3362fed51a89dcf06b7058d570407899a950,2026-08-16 21:20:59.000 UTC,1,19430,0.7149,845.5,1,2,false
188,0xab29aa91f9a4826428cf5a6705ad4d89b98b2a90,2026-08-16 21:21:11.000 UTC,1,19428,0.3886,623.3,1,1,false
189,0xfeaba25cf41e3219635424c2612849e6cbcd7377,2026-08-16 21:21:23.000 UTC,1,19427,0.0991,314.8,1,4,true
190,0x9219aa505e64363fd2ecc8872c1866ca98c21d39,2026-08-16 21:21:23.000 UTC,1,19427,0.7048,839.5,1,4,false
191,0xbb6e2629cf8865eec1d5485d30124e05c7a9bbeb,2026-08-16 21:21:23.000 UTC,1,19427,0.0971,311.7,1,4,true
192,0xb8dd8c943150fabd83ebe187212fdd61bda02272,2026-08-16 21:21:23.000 UTC,1,19427,0.1943,440.8,1,4,false
193,0x332b983c92bd0838a86e0f31d50fa54ee02077e4,2026-08-16 21:21:35.000 UTC,1,19425,2.5243,1588.8,3,2,false
194,0xf6b48ed91717471a0f9cbf5dad071d77fe62d12f,2026-08-16 21:21:35.000 UTC,1,19425,0.2669,516.6,1,2,false
195,0x77afcb677962d14c540d66c412d7f9c1d1c8bffd,2026-08-16 21:21:47.000 UTC,1,19424,0.4055,636.8,1,2,false
196,0x9559e609c1285fb0391f3a8c5cf538b044480ed6,2026-08-16 21:21:47.000 UTC,1,19424,4.076,2018.9,20,2,false
197,0x238457b4d3782875ba640d980066f1e976c3e74f,2026-08-16 21:22:11.000 UTC,1,19421,0.2899,538.5,2,1,false
198,0x649ac22544f6c9c2f1645ea0c76959257065f59c,2026-08-16 21:22:23.000 UTC,1,19420,0.2903,538.8,2,1,false
199,0xce95f1bd1a17c237aeab3088725007f99897d7b3,2026-08-16 21:22:35.000 UTC,1,19419,0.0971,311.6,1,1,true
200,0xf9d58f2cb4e7c0a38009bab7593e85c77e92e136,2026-08-16 21:22:59.000 UTC,1,19416,0.0971,311.6,1,1,true
201,0xfcdd6d25ae394746e4c74610aee215aaa4fd2e48,2026-08-16 21:23:11.000 UTC,1,19414,0.2233,472.5,1,2,false
202,0xf38e04d7663b6162f9a1fc923ab5faff45c11a34,2026-08-16 21:23:11.000 UTC,1,19414,1.6696,1292.1,1,2,false
203,0x312cf917f51a4971a269415a952903f624d2533d,2026-08-16 21:23:23.000 UTC,1,19413,0.0971,311.6,1,1,true
204,0x287bdb26c269fb3dbd150233465bb03564e30434,2026-08-16 21:23:59.000 UTC,1,19409,0.2909,539.3,2,4,false
205,0x2702cf31a2c33b8b0c3bba34c46fd9b8a5563d1f,2026-08-16 21:23:59.000 UTC,1,19409,0.097,311.5,1,4,true
206,0xa9b6465569f320d39e0135da7417b2604ba225b4,2026-08-16 21:23:59.000 UTC,1,19409,0.8724,934,5,4,false
207,0xdbb968f1266f0cf35af4ba8dba4e701a1e9511c5,2026-08-16 21:23:59.000 UTC,1,19409,0.7678,876.2,2,4,false
208,0xab462fdeaf5d00980bbc1c17dcacc1c0ffb6a23e,2026-08-16 21:24:11.000 UTC,1,19407,2.9111,1706.2,1,1,false
209,0xce28e59635376b6e4d5c3738f21c8b44a47206cb,2026-08-16 21:24:35.000 UTC,1,19405,0.097,311.5,1,3,true
210,0x28c9741c6d08b5d9ec7f2e5eb4786be880acc18d,2026-08-16 21:24:35.000 UTC,1,19405,0.3881,623,1,3,false
211,0xc6fac2424e017e1b789651a82018d2cc8623653f,2026-08-16 21:24:35.000 UTC,1,19405,1.2403,1113.7,2,3,false
212,0xd673dfd9eee3185833d7cf25d624bb8aa25fd02b,2026-08-16 21:24:47.000 UTC,1,19403,0.097,311.5,1,1,true
213,0xe88871f39c98963bf4e553765e574d27755a4052,2026-08-16 21:24:59.000 UTC,1,19402,0.097,311.5,1,1,true
214,0x070f565dfd13906eba848374c34a4485bd21e876,2026-08-16 21:25:23.000 UTC,1,19399,0.0989,314.5,1,2,true
215,0x3cd5ed0731a0bdc3d60a57168ea234a617d7fbbc,2026-08-16 21:25:23.000 UTC,1,19399,5.0437,2245.8,1,2,false
216,0x7496871b01e401ed68a64bd303bb4381f2f96f1f,2026-08-16 21:25:47.000 UTC,1,19396,0.2909,539.4,2,3,false
217,0x097d611aa2598a2b3882325a53234ce4b2755764,2026-08-16 21:25:47.000 UTC,1,19396,0.0989,314.5,1,3,true
218,0x75d51517b90cc5c8873c631ddc177a1bfd96b074,2026-08-16 21:25:47.000 UTC,1,19396,951.9288,30853.3,12,3,false
219,0xb3623d62ff30fadb5b2e127c07cab0d1b0808276,2026-08-16 21:26:11.000 UTC,1,19394,0.6934,832.7,4,1,false
220,0xe3d00683a0d493f6143aab7579a9f60c6a24a4ff,2026-08-16 21:26:23.000 UTC,1,19392,0.7149,845.5,2,1,false
221,0xa668e2805a50ca0cc73ed66a131e15522ac093f8,2026-08-16 21:26:35.000 UTC,1,19391,25.4522,5045,2,2,false
222,0xe9364474939d1ae7e5cf0959850c87d0d10d0ef6,2026-08-16 21:26:35.000 UTC,1,19391,0.097,311.4,1,2,true
223,0xbe3352ae7c20161d4fb1d0dc2aad099227b5f246,2026-08-16 21:27:11.000 UTC,1,19387,0.6864,828.5,4,2,false
224,0x0c3db8b025f67da9806bf8ebd2faf270342a7478,2026-08-16 21:27:11.000 UTC,1,19387,0.1939,440.3,1,2,false
225,0xaea8c6444a5e4efd738a6ec51f3d0ed0928c110b,2026-08-16 21:27:23.000 UTC,1,19385,0.0969,311.3,1,1,true
226,0x78668cf049c0476e2926f1a53e90eb5a8c38f8df,2026-08-16 21:28:23.000 UTC,1,19378,0.0969,311.3,1,1,true
227,0x0076256425954d097a4003fa46d731f895cfa829,2026-08-16 21:28:35.000 UTC,1,19377,0.2903,538.8,2,2,false
228,0x2a63dda6743f2acd1c2d35c1f036c78c29c1f81f,2026-08-16 21:28:35.000 UTC,1,19377,0.0969,311.3,1,2,true
229,0x193e75b60a4ca8bc842dc28604afc6c41afe972a,2026-08-16 21:29:35.000 UTC,1,19370,522.6394,22861.3,2,3,false
230,0xa45111cdd1443e9f47e749ab714ace08915d3b45,2026-08-16 21:29:35.000 UTC,1,19370,0.3965,629.7,2,3,false
231,0x76152584d124c4aff051dac685fd434b87a8ce50,2026-08-16 21:29:35.000 UTC,1,19370,0.0988,314.3,1,3,true
232,0x938c524687f6a443204cedda2ab6fb4eb65b78c1,2026-08-16 21:29:47.000 UTC,1,19369,0.0968,311.2,1,2,true
233,0xc196e59f9a303c6fa3a9736210dfedc1a2100ec4,2026-08-16 21:29:47.000 UTC,1,19369,0.0968,311.2,1,2,true
234,0xf257a3bad4dfdd6991391d59993011ff0ac40823,2026-08-16 21:30:11.000 UTC,1,19366,2.902,1703.5,15,3,false
235,0x8c0b0083692e7d8d61128409ed21935eb28165fb,2026-08-16 21:30:11.000 UTC,1,19366,0.9676,983.7,2,3,false
236,0xe03beb14a8ea4867aac12f047c4bcf509ba56bdf,2026-08-16 21:30:11.000 UTC,1,19366,0.2903,538.8,2,3,false
237,0x8cbb6f0efe07ab0629d8345154f72133b03520d8,2026-08-16 21:30:23.000 UTC,1,19364,0.0968,311.2,1,1,true
238,0x7cd9ff84abf2b23e825154aca2a62fafe185bd5e,2026-08-16 21:30:35.000 UTC,1,19363,0.1549,393.6,1,1,false
239,0xfd7902204eb98871d485c076587a838eaeb3fa38,2026-08-16 21:30:47.000 UTC,1,19362,0.213,461.5,1,1,false
240,0x000461a73d3985eef4923655782aa5d0de75c111,2026-08-16 21:30:59.000 UTC,1,19360,613.9054,24777.1,2,3,false
241,0x20d82c916bb999fa68fe32d3387f53556b1d1905,2026-08-16 21:30:59.000 UTC,1,19360,0.2203,469.4,2,3,false
242,0xd2f70a9e2b8914cd2830c6ca48d696258bb9422d,2026-08-16 21:30:59.000 UTC,1,19360,2.4189,1555.3,11,3,false
243,0xe6786b71a8c6733daecc8d6b340ac7c4bdd03f95,2026-08-16 21:31:35.000 UTC,1,19356,0.7697,877.3,4,2,false
244,0xecfd88616512d0e58b995d4f436b1771dba42979,2026-08-16 21:31:35.000 UTC,1,19356,0.0987,314.2,1,2,true
245,0xeb2e01a8e0b47162a6ff753fdcd0a041873a125e,2026-08-16 21:31:59.000 UTC,1,19353,2.4988,1580.8,2,2,false
246,0x888e44eccad0dbc2afa7a7f4b1a65e14fc9cd561,2026-08-16 21:31:59.000 UTC,1,19353,0.379,615.6,2,2,false
247,0x5d13fd37e8758030a6a10857c0cb699b2bff7a83,2026-08-16 21:33:11.000 UTC,1,19345,947.905,30788.1,1,1,false
248,0xebe2adcbc2448787edffb030307beb8efba583da,2026-08-16 21:33:23.000 UTC,1,19344,1.2948,1137.9,2,1,false
249,0xf471cbefd59116474e3bbd06229fe7017c2021c4,2026-08-16 21:33:35.000 UTC,1,19342,0.0986,314.1,1,4,true
250,0x82c4426b73929c9b2a373b3a902ae7471abf0914,2026-08-16 21:33:35.000 UTC,1,19342,261.1408,16159.9,8,4,false
251,0xd03da4452bf9478c67a54c56d46678d55a8d9483,2026-08-16 21:33:35.000 UTC,1,19342,119.9204,10950.8,1,4,false
252,0x1a84b3681a2e129be32b8f5727a4aee219a1e471,2026-08-16 21:33:35.000 UTC,1,19342,0.0968,311.2,1,4,true
253,0x0d1c41d60ef876b3244c9db50ea5c196ced8e07e,2026-08-16 21:33:47.000 UTC,1,19341,3.7155,1927.6,9,2,false
254,0x6969698ba67833ad1e9622f19e13fa03e686dce1,2026-08-16 21:33:47.000 UTC,1,19341,0.8701,932.8,5,2,false
255,0x733be210294480d158bdb6ab3b9e67d020e31b94,2026-08-16 21:34:11.000 UTC,1,19338,15.277,3908.6,1,2,false
256,0xadd07179360038eebac815cf4beb0f3601fd0674,2026-08-16 21:34:11.000 UTC,1,19338,3.8676,1966.6,1,2,false
257,0x383c75bbb33a3bc227e841c745591e18df824d9e,2026-08-16 21:34:47.000 UTC,1,19334,0.1933,439.7,1,1,false
258,0xf80aae0a202ec7057f541209cffd689a4701acb0,2026-08-16 21:35:11.000 UTC,1,19331,0.0967,310.9,1,1,true
259,0xd6335f7604f1e97fc47027feb0d9d718ce3ce9fa,2026-08-16 21:35:35.000 UTC,1,19328,0.0986,314,1,4,true
260,0x9a0f62b9a86187a03f4459d3130e9792eee8aeb9,2026-08-16 21:35:35.000 UTC,1,19328,0.2513,501.3,1,4,false
261,0x5b6c16a960f6e7b1603b3d4c420e0c0a5f6e2afb,2026-08-16 21:35:35.000 UTC,1,19328,0.0986,314,1,4,true
262,0x506a4dc75bf8cc1af2c74328c584be62bbe62ca1,2026-08-16 21:35:35.000 UTC,1,19328,0.1933,439.6,1,4,false
263,0x00217b57f30d24bddaab9130d6a13f9d67336b07,2026-08-16 21:35:59.000 UTC,1,19325,0.2873,536,2,3,false
264,0x053e6294400a9268e35df445624f58087c7f388f,2026-08-16 21:35:59.000 UTC,1,19325,1.1472,1071.1,8,3,false
265,0xf63d7dbe24ca439ebc699311001a661555a93040,2026-08-16 21:35:59.000 UTC,1,19325,2.9954,1730.7,1,3,false
266,0x424ce187f48f45d8b125ec5ec478918c4c8885a7,2026-08-16 21:36:11.000 UTC,1,19324,0.0986,313.9,1,1,true
267,0x2a346d41c2a6d6d4d408ec8348ddcb7c96569871,2026-08-16 21:36:47.000 UTC,1,19320,1.0819,1040.2,1,1,false
268,0xb6ba898de2437619b9182d5463e10a080e369cbe,2026-08-16 21:37:23.000 UTC,1,19316,0.1932,439.5,1,4,false
269,0xa924eb14f3ec07f1940ae4076cce9f9859044dea,2026-08-16 21:37:23.000 UTC,1,19316,0.3863,621.5,1,4,false
270,0x663b9fa79834b22b404d81ec1717bd2353d93adf,2026-08-16 21:37:23.000 UTC,1,19316,0.0966,310.8,1,4,true
271,0xea56ee31206a89797f5e0a77d71e8a005ef99c40,2026-08-16 21:37:23.000 UTC,1,19316,36.2614,6021.7,15,4,false
272,0xfa4781421eb854c3eaece1a123ce06cfe3c77e76,2026-08-16 21:37:59.000 UTC,1,19312,0.0966,310.7,1,4,true
273,0xecfda643db9df505363ba612b63509cac73fdcdd,2026-08-16 21:37:59.000 UTC,1,19312,0.0985,313.8,1,4,true
274,0x7d27d9f6ba2ac97517c20b6101d3cf8b7544b665,2026-08-16 21:37:59.000 UTC,1,19312,0.0966,310.7,1,4,true
275,0xbc0e7c2eee1ff1c61449fad2d11923a1c0097f2b,2026-08-16 21:37:59.000 UTC,1,19312,0.0976,312.4,1,4,true
276,0xe82470ea9b748541e1249be6376d89f97dec2230,2026-08-16 21:38:11.000 UTC,1,19310,2.3172,1522.2,1,2,false
277,0x7de3f8dd8137533f1093703df9e3b741fc0c759e,2026-08-16 21:38:11.000 UTC,1,19310,2.3172,1522.2,1,2,false
278,0xb8684383afd76b4bff0ba177d6bc813d0eb1fdce,2026-08-16 21:38:59.000 UTC,1,19305,0.0965,310.7,1,1,true
279,0x1b8c368dd402e0c1292d4a80c8554941beccfd92,2026-08-16 21:39:35.000 UTC,1,19300,0.0965,310.6,1,2,true
280,0x43779780d1114932c3ef64186759ad2956f081ed,2026-08-16 21:39:35.000 UTC,1,19300,0.0984,313.7,1,2,true
281,0x1da1d284f1f8cd21a1a08cbd9cb3ec1f2464ec20,2026-08-16 21:40:35.000 UTC,1,19294,30.4756,5520.5,2,3,false
282,0x0eedd9117f6b4b36be52f3368fd78392827c3e41,2026-08-16 21:40:35.000 UTC,1,19294,0.0965,310.6,1,3,true
283,0x34d7f5efb35e0f94ec3a466244d135a1bba9abdd,2026-08-16 21:40:35.000 UTC,1,19294,0.0965,310.6,1,3,true
284,0x7f0652e4b518a65626154905222dd2090e251ba3,2026-08-16 21:40:47.000 UTC,1,19292,0.0965,310.6,1,1,true
291,0x033c7ff45a16ea520c5b5b1cf47fdaf2b9b098fe,2026-08-16 21:41:47.000 UTC,1,19285,0.0984,313.6,1,2,true
292,0x23631b12402fe1b2404fccfab01557269b0df108,2026-08-16 21:41:47.000 UTC,1,19285,3.2765,1810.1,3,2,false
293,0x342ed8477cd10c2a96b953df28e490f2dd0d8199,2026-08-16 21:42:23.000 UTC,1,19281,0.2891,537.7,2,3,false
294,0xd1c90016bc2663f03fabc2bfa2b8d8d342784d41,2026-08-16 21:42:23.000 UTC,1,19281,0.0964,310.5,1,3,true
295,0x751f98b43f160f9bbb7219e47dd2cd83f70adfe2,2026-08-16 21:42:23.000 UTC,1,19281,0.1928,439.1,1,3,false
296,0x13f9c830e637d136b9e743a734416c2ef7f0cea4,2026-08-16 21:42:47.000 UTC,1,19278,0.6492,805.7,4,2,false
297,0xa0d11c41c809911950c2d33bc0dfa554b9c5fdcf,2026-08-16 21:42:47.000 UTC,1,19278,0.9408,969.9,1,2,false
298,0x1cf6866c3b06db0ddd6394e86272bbe1edbe6b99,2026-08-16 21:42:59.000 UTC,1,19277,0.0983,313.5,1,1,true
310,0x3939603fe78202bafc73f1d00d67833b86ebcfc4,2026-08-16 21:43:35.000 UTC,1,19273,0.1927,439,1,1,false
326,0xf9cfbb505f9213bde70ea2b31dd07f47f94ecf82,2026-08-16 21:44:47.000 UTC,1,19264,1.4391,1199.6,8,2,false
327,0x1845e7d10e9db3749ca34677254e305a834b8458,2026-08-16 21:44:47.000 UTC,1,19264,2.0323,1425.6,4,2,false
340,0x8789e43c242c55f99def43406bf3ce4bc7d3295a,2026-08-16 21:45:35.000 UTC,1,19259,0.0963,310.3,1,1,true
348,0x5c613a24522f19e248d46ec7bbe53ef1d121892d,2026-08-16 21:45:59.000 UTC,1,19256,0.0963,310.3,1,3,true
349,0x1af563965d901f9ace22fd34541ecde1a6ed90ad,2026-08-16 21:45:59.000 UTC,1,19256,3.8505,1962.3,2,3,false
350,0x3990fd9f2e73a84234970cc96c66fcb55e48e295,2026-08-16 21:45:59.000 UTC,1,19256,0.0963,310.3,1,3,true
389,0xd6e08177ab9f35a36b22281749c4d857a2161ddc,2026-08-16 21:48:59.000 UTC,1,19235,0.0981,313.2,1,2,true
390,0x0993aef44c8aa7d21093115275194c8cc483f326,2026-08-16 21:48:59.000 UTC,1,19235,1.9211,1386,10,2,false
397,0xf26d5ef3ff67965ff492b30f237f270ba017ca0c,2026-08-16 21:49:23.000 UTC,1,19232,57.696,7595.8,1,2,false
398,0x99c28292eb893ccaec0af157a38b1d5150b66a9b,2026-08-16 21:49:23.000 UTC,1,19232,0.1731,416,1,2,false
411,0x754503cbcd31c3fc8badb99741cd59d709a8030f,2026-08-16 21:50:11.000 UTC,1,19227,0.0981,313.1,1,1,true
420,0x2a114f33206f4371ed02da9307d952b585483902,2026-08-16 21:50:47.000 UTC,1,19223,0.1346,366.8,1,1,true
435,0x6262a6de23ad5aa8d4b8cfd809b065148184d510,2026-08-16 21:51:47.000 UTC,1,19216,0.098,313.1,1,1,true
446,0x35210fc5cdacbb6713263e92766c6ff1f24bd1f0,2026-08-16 21:52:35.000 UTC,1,19210,0.0961,309.9,1,2,true
447,0x91cc9fe137bb508fba1ed5c51f1f722c626a5cfa,2026-08-16 21:52:35.000 UTC,1,19210,0.098,313,1,2,true
462,0xe1ffc07e568900a39bcb88c9cff0a0daa16a40a9,2026-08-16 21:53:35.000 UTC,1,19203,1.517,1231.7,1,1,false
463,0x9e00ff8489ef1f2a875f66e7f5ac48f669965826,2026-08-16 21:53:47.000 UTC,1,19202,0.096,309.9,1,1,true
464,0x0b50ee563d6f54a04d305d6121ae5f1211f8278c,2026-08-16 21:53:59.000 UTC,1,19200,57.6,7589.5,1,2,false
465,0xf9a6e93980496afdcfb5cdf98e5e077c828e9665,2026-08-16 21:53:59.000 UTC,1,19200,0.096,309.8,1,2,true
472,0xb9dbb7cca741fd120831529489aa014c4a1aeb04,2026-08-16 21:54:35.000 UTC,1,19196,3.629,1905,2,2,false
473,0x27b2fd7db0d57dafde5f95f3e043a4d436cc245c,2026-08-16 21:54:35.000 UTC,1,19196,0.8633,929.1,2,2,false
487,0x128b4d9a062d137710f362d2b5c0b81e2726cc40,2026-08-16 21:55:11.000 UTC,1,19192,0.2879,536.5,1,1,false
501,0xf5d8b51e0ae962aa81500cf4bf7510e1e73ab2f5,2026-08-16 21:56:35.000 UTC,1,19182,36.0299,6002.5,8,3,false
502,0x3a87effabfd03e6358ee90c11b12d6a47dacacdf,2026-08-16 21:56:35.000 UTC,1,19182,1.3747,1172.5,8,3,false
503,0xb5707a21a5a4389fef0871f9d7d5e69534a76dd3,2026-08-16 21:56:35.000 UTC,1,19182,0.6733,820.6,2,3,false
504,0xa4c2e902ecf97a1dadd0f69a53f1250c90dbf599,2026-08-16 21:56:47.000 UTC,1,19181,0.0959,309.7,1,1,true
505,0x2c44586dd63e5b70be47f20e7c83b1c2d45c3100,2026-08-16 21:57:35.000 UTC,1,19175,0.0959,309.6,1,2,true
506,0xc28d30dd716a40b0c19215b732ce7be0e80a5098,2026-08-16 21:57:35.000 UTC,1,19175,11.8835,3447.2,3,2,false
514,0xfe4b04ade5478f3b649614221cdcc43ee31fa27e,2026-08-16 21:58:11.000 UTC,1,19171,12.3024,3507.5,3,1,false
515,0x2bdf1a698d39a4358e2c162deacc038fadb8a9d5,2026-08-16 21:58:23.000 UTC,1,19170,239.625,15479.8,1,1,false
516,0x92fc3c72ac0cfca2bc5a6645a578aee107540e2f,2026-08-16 21:58:35.000 UTC,1,19169,1.9361,1391.4,1,1,false
525,0x8dfdd509f7537713f68fd64bf98f1e246482e8da,2026-08-16 21:58:59.000 UTC,2,19166,0.5175,719.4,1,1,false
526,0x2163c67bc8f090a853ff75ba53c35da46c9bb9c4,2026-08-16 21:59:11.000 UTC,2,19164,3.0662,1751.1,1,1,false
539,0x9be4fce8685dfed05e98382052a244b9573e8998,2026-08-16 22:01:11.000 UTC,2,19150,1.0418,1020.7,1,3,false
540,0xed4590524aa41042e32e8e662cf8f526ed2aafd1,2026-08-16 22:01:11.000 UTC,2,19150,0.0958,309.4,1,3,true
541,0xd38ed6ff0bf4ed6cabf15ea83d5e22db9529056e,2026-08-16 22:01:11.000 UTC,2,19150,0.4712,686.4,3,3,false
542,0xee730a25ca18b1ba36f5992ba50e562b70391954,2026-08-16 22:01:23.000 UTC,2,19149,0.0957,309.4,1,1,true
553,0x3c926ee5e990b3999f1f656a9b18ff678ce82976,2026-08-16 22:02:23.000 UTC,2,19142,0.0957,309.4,1,1,true
570,0x84370b522ca6f57cff01eaa3d6df81e9357ac958,2026-08-16 22:03:23.000 UTC,2,19135,0.0957,309.3,1,2,true
571,0xbf3e52f7c6649aad43fb79be57e8f8cf2be96cd1,2026-08-16 22:03:23.000 UTC,2,19135,0.0957,309.3,1,2,true
577,0x251ba2d69b65d89c012d1eb7860d14c4ef73c4bf,2026-08-16 22:03:47.000 UTC,2,19132,0.0957,309.3,1,1,true
589,0x7642f8816390a883d88d463968f234948dfab67d,2026-08-16 22:04:23.000 UTC,2,19128,0.0956,309.3,1,1,true
617,0x1da6f3bc73ddba68e43d93b21b952394031480c8,2026-08-16 22:06:35.000 UTC,2,19113,1.9583,1399.4,2,1,false
618,0xc00754210cdba7d117a2440e2ed21f129a770c53,2026-08-16 22:06:47.000 UTC,2,19112,0.0956,309.1,1,1,true
629,0x8492edfe9ac5a49aa51b6a701aabcdec45ea0330,2026-08-16 22:07:35.000 UTC,2,19106,0.4772,690.8,3,1,false
635,0x77e2034c789cc82e01d21b320425fcb392d11b92,2026-08-16 22:08:11.000 UTC,2,19102,1.1461,1070.6,1,1,false
646,0x1c3a0ad54418fe843953c71df23637de732ce159,2026-08-16 22:08:59.000 UTC,2,19096,1.9096,1381.9,1,1,false
657,0xf7b29db6ce1c80463f3773f843734796c1a05824,2026-08-16 22:10:11.000 UTC,2,19088,0.105,324,1,1,true
658,0x991a584f5a40d5834c2170adb23d740b16337c95,2026-08-16 22:10:35.000 UTC,2,19085,0.1036,321.8,1,1,true
682,0xe06c2b1289f8d543435c0c4017ee8bfcfc22e41d,2026-08-16 22:13:23.000 UTC,2,19066,0.0972,311.8,1,1,true
700,0xe9c9a7b3385796d48ef90cd8d6a31d2b18aaa284,2026-08-16 22:14:59.000 UTC,2,19055,0.0972,311.7,1,1,true
701,0x89a32d1dd890552d20cf75b532b900fc8ab34b85,2026-08-16 22:15:23.000 UTC,2,19052,2.2862,1512,1,3,false
702,0x568ecbb892778779b7925fa96d9607475ab2799f,2026-08-16 22:15:23.000 UTC,2,19052,2.2862,1512,1,3,false
703,0xee0d084777f9052041a0c885e65a4fc48b8e281b,2026-08-16 22:15:23.000 UTC,2,19052,2.2862,1512,1,3,false
704,0x9fe670ccd3a7a9f8152c1b090f8097f6fa1e5e03,2026-08-16 22:15:35.000 UTC,2,19050,0.1143,338.1,1,1,true
705,0x52cc9dad5071371939566b9282b3895762d5751d,2026-08-16 22:16:11.000 UTC,2,19046,0.2652,515,2,1,false
706,0xcb017d2ff06490c1714fb425ff4e326c9a54630f,2026-08-16 22:16:47.000 UTC,2,19042,0.2941,542.3,2,1,false
707,0x866e61757d9652cbbfdb68943b61bcd6f5546202,2026-08-16 22:17:23.000 UTC,2,19038,0.0952,308.5,1,1,true
708,0xdcaeee56e174c6f9d2d4c10dda59f5cb1df57d7f,2026-08-16 22:18:23.000 UTC,2,19031,0.0952,308.5,1,1,true
709,0xeb0892dcf09106d9f643eff8a3a4d88f6f97d425,2026-08-16 22:18:35.000 UTC,2,19030,0.0971,311.5,1,2,true
710,0x66b224070f0d851664a28cd10e3f838c2e57effd,2026-08-16 22:18:35.000 UTC,2,19030,0.1009,317.6,1,2,true
711,0x4d9feb46d3f7a2c05f57e3bfac56f7675452ee16,2026-08-16 22:19:11.000 UTC,2,19025,0.1016,318.7,1,2,true
712,0x7a44f6c9078f71b2b70c03a94d02bdb96c5037fb,2026-08-16 22:19:11.000 UTC,2,19025,0.0989,314.5,1,2,true
713,0x619a4633452e62a01a9d744d26caaac671b579b3,2026-08-16 22:19:23.000 UTC,2,19024,0.1065,326.4,1,1,true
714,0x554ff71952ca45d1260ab3436bfc13360fd61ee7,2026-08-16 22:19:59.000 UTC,2,19020,21.6738,4655.5,3,1,false
715,0x097d2e56912f80e5a3e4c87d72f0bc38ca991cd5,2026-08-16 22:20:11.000 UTC,2,19019,0.0951,308.4,1,1,true
716,0xd2f1082f26324ba7b0cd4b9747ad4541c0389b9a,2026-08-16 22:20:35.000 UTC,2,19016,0.0951,308.4,1,1,true
717,0x55ea150e9e8646500f8f9b894eb8f935bb630a92,2026-08-16 22:20:47.000 UTC,2,19014,0.0951,308.3,1,1,true
718,0xd248d6aae2452cf533f8eb7a8202de6a5b17b777,2026-08-16 22:20:59.000 UTC,2,19013,0.097,311.4,1,1,true
719,0x5fa5d55f11ba187d4c318b21a2c1b67714b5a9e4,2026-08-16 22:21:11.000 UTC,2,19012,21.7268,4661.2,3,1,false
720,0x68c1403723dd2fea01eb9b58afe79388c8db2aaf,2026-08-16 22:21:47.000 UTC,2,19007,3.0362,1742.5,4,1,false
721,0x1522c627472ce025df05d9630fa51779683ba698,2026-08-16 22:22:11.000 UTC,2,19005,2.1096,1452.4,1,2,false
722,0x249722c1eaab52d8401ae407b29d5f16dfbb26c3,2026-08-16 22:22:11.000 UTC,2,19005,0.0969,311.3,1,2,true
723,0x3e2e77a3501f2aec2639ac314046686ab595cdf3,2026-08-16 22:22:35.000 UTC,2,19002,11.3898,3374.9,2,1,false
724,0x1c0429fafd0cfb360c6e8a36cfb8e1fc7c2bc362,2026-08-16 22:22:59.000 UTC,2,18999,36.0431,6003.6,19,1,false
725,0x4a4f220c15580887225bd640525971f2d53cdd3c,2026-08-16 22:23:47.000 UTC,2,18994,0.114,337.6,1,3,true
726,0x67708ab7f1ec2b6d1bcb47a03d67d2c995380b6b,2026-08-16 22:23:47.000 UTC,2,18994,0.095,308.2,1,3,true
727,0xa713ac8571ebe26e8f3de0eaedaedb7629814505,2026-08-16 22:23:47.000 UTC,2,18994,0.1045,323.2,1,3,true
728,0x199c69ecd9e8568bf1fd2a5cde4e672eaff2d2c9,2026-08-16 22:24:35.000 UTC,2,18988,0.0968,311.2,1,1,true
729,0x4adcb504520f1046c082484d9fd357ec6834dd48,2026-08-16 22:25:47.000 UTC,2,18980,0.0949,308.1,1,1,true
730,0x74654241178f4498d382b01a1315f68d4b9b19c2,2026-08-16 22:25:59.000 UTC,2,18978,0.3794,615.9,2,1,false
731,0x58ff49780a2b341bcd84d5c2fdb2bc7a26368d5e,2026-08-16 22:26:23.000 UTC,2,18975,1.1195,1058.1,1,1,false
732,0xb176610b96ffbb4dbea41508916566dd18f11725,2026-08-16 22:26:59.000 UTC,2,18971,1.4636,1209.8,2,2,false
733,0x40e9049a6e7030a7090f43c33593f0b02ce00c39,2026-08-16 22:26:59.000 UTC,2,18971,1.0703,1034.6,4,2,false
734,0xac5d22b530dff2bfddb0a5e0fdda5a3370419db2,2026-08-16 22:27:11.000 UTC,2,18970,2.042,1429,5,1,false
735,0x7510396ad67e149808964722fd8fcf8cc82adc85,2026-08-16 22:27:23.000 UTC,2,18969,0.0964,310.4,1,3,true
736,0x877db42dc8044a43d6c117eb020a2ebe165bac81,2026-08-16 22:27:23.000 UTC,2,18969,0.0967,311,1,3,true
737,0xaab60fcae970da078a18e165d0e6f9f570731a14,2026-08-16 22:27:23.000 UTC,2,18969,132.783,11523.2,1,3,false
738,0x56f13e337fa06538b82fe28d917c29730e1d0869,2026-08-16 22:27:59.000 UTC,2,18964,1.8774,1370.2,1,3,false
739,0x1c948c0c23cafba26b8f71f379a13c616ef6190d,2026-08-16 22:27:59.000 UTC,2,18964,0.0948,307.9,1,3,true
740,0xe28601398a5448d1147e6e8b0e0c6d686f0d216d,2026-08-16 22:27:59.000 UTC,2,18964,134.8079,11610.7,8,3,false
741,0xa37ee951bfa0f41c08d09a05b9f9e06d0e2ae613,2026-08-16 22:28:23.000 UTC,2,18962,0.7964,892.4,1,1,false
742,0x9460ad158426317dcd0ce502d0c93ae8c1955d74,2026-08-16 22:28:35.000 UTC,2,18960,0.237,486.8,1,1,false
743,0xb486eb4c57d9ec892d65408a6206becd7d8f0957,2026-08-16 22:28:59.000 UTC,2,18957,0.0948,307.9,1,2,true
744,0xc6ed481324ca7583decc54a8c97986a67658d722,2026-08-16 22:28:59.000 UTC,2,18957,0.4735,688.1,3,2,false
745,0x4120ae64e0091a0f60f9062c1b7db9991b9f1e5f,2026-08-16 22:29:59.000 UTC,2,18950,0.281,530.1,2,1,false
746,0x72f02154b3cd7326db767868dc06e4cede699706,2026-08-16 22:30:35.000 UTC,2,18946,132.622,11516.2,1,2,false
747,0x934575325b36314b6f8ba6beb86008cd35fe0492,2026-08-16 22:30:35.000 UTC,2,18946,1.2883,1135,1,2,false
748,0x07b60d2c4ac54c45ee2e2b97102d04a70bd6ed66,2026-08-16 22:31:23.000 UTC,2,18941,0.0964,310.5,1,1,true
749,0x143901b969a564fa91aa3a79683832653b62c786,2026-08-16 22:32:35.000 UTC,2,18932,0.7951,891.7,1,3,false
750,0x64159156f53ea0f291a031d258308660907d26ff,2026-08-16 22:32:35.000 UTC,2,18932,0.1325,364,1,3,true
751,0x6d577e92188966e7a012c68a1a102c8f51023c7c,2026-08-16 22:32:35.000 UTC,2,18932,56.796,7536.3,1,3,false
752,0x57556e130164692133bb02f4bb39b99995c1f296,2026-08-16 22:33:59.000 UTC,2,18923,0.7948,891.5,1,1,false
753,0x7d19ff4f15e11dbe8179a40b7b725d7a22af01d2,2026-08-16 22:34:11.000 UTC,2,18921,132.447,11508.6,1,1,false
754,0x1cd1cfeb0c9acf4e31060f3f1e50bf3fd73c43d0,2026-08-16 22:34:23.000 UTC,2,18920,0.1041,322.6,1,1,true
755,0x13c41375e49017c243f5200fba356f62b0214fa6,2026-08-16 22:34:59.000 UTC,2,18916,56.748,7533.1,1,1,false
756,0x371903abb32f5f69b536b77495e92adedfea25da,2026-08-16 22:36:11.000 UTC,2,18907,4.3446,2084.4,4,1,false
757,0x5ae8f4d6a59ed55af3d338576384a6662b6ffb45,2026-08-16 22:36:47.000 UTC,2,18903,0.0945,307.4,1,2,true
758,0x61d345347acae0b8fe185ca6ec01857da8c23b7e,2026-08-16 22:36:47.000 UTC,2,18903,132.321,11503.1,1,2,false
759,0x3db2f398ac10d780ffaf623f4db5a3a3e6c6059a,2026-08-16 22:37:11.000 UTC,2,18900,56.7,7529.9,1,1,false
760,0x631f18e4192846574b05246f7349ba6b1e70a016,2026-08-16 22:38:35.000 UTC,2,18891,94.275,9709.5,3,1,false
761,0xe02599474556684e9cb7aace23af278e20ed24d6,2026-08-16 22:39:11.000 UTC,2,18887,0.0944,307.3,1,1,true
762,0x0e2d1bd8cc8beb8ea7df36d6b41ce2063a1bfe73,2026-08-16 22:39:35.000 UTC,2,18884,2.5446,1595.2,14,1,false
763,0xeb08c7c00765e5bd51919c3d6bc8094ae6a80ac7,2026-08-16 22:39:47.000 UTC,2,18882,132.174,11496.7,1,1,false
764,0x4058a59352a54bcd4b05e903c15aafa75853ff1b,2026-08-16 22:40:11.000 UTC,2,18880,0.2946,542.8,2,3,false
765,0xc9759f5d45043ef8dba57ae97c358db56ece51de,2026-08-16 22:40:11.000 UTC,2,18880,56.64,7526,1,3,false
766,0xce855642a6b5f26cc0866ff07d6e4354a7f16438,2026-08-16 22:40:11.000 UTC,2,18880,0.0982,313.3,1,3,true
767,0xe463b750c0d09ee2d9f8c84cbea21918ed50f9c5,2026-08-16 22:40:35.000 UTC,2,18877,0.2095,457.7,1,1,false
768,0xe66ed27ca8fc7ce2d5b7e93469d1ce54a652135f,2026-08-16 22:41:23.000 UTC,2,18871,132.097,11493.3,1,1,false
769,0x21c1aca9a9745d7da7c45903012a98dd3aa5788c,2026-08-16 22:41:35.000 UTC,2,18870,1.887,1373.7,1,2,false
770,0x9b3f6dfa9582f2374ea9b7e38c183a43a99f6546,2026-08-16 22:41:35.000 UTC,2,18870,0.1019,319.2,1,2,true
771,0xa86aa15c32b7d4ee4e30558f80bc45d7cbe5a0ab,2026-08-16 22:41:47.000 UTC,2,18869,0.4715,686.6,3,1,false
772,0x7d0a62fb1ed5747432f22da2811a940903eca2f1,2026-08-16 22:41:59.000 UTC,2,18867,1.8867,1373.6,1,1,false
773,0x853afddb78723bb1de2a716021e27d8328d23004,2026-08-16 22:42:23.000 UTC,2,18864,0.1886,434.3,1,3,false
774,0x1b197fc3c461341e10c146e6b8a0958162e8a849,2026-08-16 22:42:23.000 UTC,2,18864,56.592,7522.8,1,3,false
775,0xf563706ab65227b64859b513ff0e5eec123530e8,2026-08-16 22:42:23.000 UTC,2,18864,0.1038,322.1,1,3,true
776,0x4edc23bff05bd48e6d9c452454643058871ddd92,2026-08-16 22:42:35.000 UTC,2,18863,132.041,11490.9,1,1,false
777,0x59cc7c877d10a9d9f6660c1a487218523a77d387,2026-08-16 22:42:47.000 UTC,2,18862,4.6906,2165.8,12,1,false
778,0xec34ea3a762b9a8feb69448dbfedac3e624e8c5c,2026-08-16 22:43:35.000 UTC,2,18856,131.992,11488.8,1,1,false
779,0x631ddad240268e880fbe6705f5505ba921ac8032,2026-08-16 22:44:23.000 UTC,2,18850,0.9425,970.8,1,1,false
780,0x676cf2ffe20fafddc7d8fa290bfa724808a194a1,2026-08-16 22:45:11.000 UTC,2,18845,0.9423,970.7,1,2,false
781,0x0e80f2e5bf7abd0d2781f95b1d46fb1ecbbb8d80,2026-08-16 22:45:11.000 UTC,2,18845,56.535,7519,1,2,false
782,0x50c24fa9423a996971ff8778778e767028ccd905,2026-08-16 22:45:35.000 UTC,2,18842,12.195,3492.1,2,1,false
783,0x5de8b00d3595f7b974278d466398c29dc58728bb,2026-08-16 22:45:47.000 UTC,2,18841,0.0942,306.9,1,1,true
784,0xc49b8bc5caa6b961adcd492f447aab25328fda6f,2026-08-16 22:45:59.000 UTC,2,18839,131.873,11483.6,1,1,false
785,0xd34d59682ee9e280fe2f9691c58f5e4ca04820ee,2026-08-16 22:47:35.000 UTC,2,18828,0.096,309.9,1,3,true
786,0x2825cdb4a71ac7942da889f1ff72d536a8209343,2026-08-16 22:47:35.000 UTC,2,18828,2.0594,1435.1,2,3,false
787,0x2294326467f9a7336878c492f15b29fa06bf46ad,2026-08-16 22:47:35.000 UTC,2,18828,11.7221,3423.8,2,3,false
788,0xc3b1c9600a35b2acf8d4ea9a59cbb5e70a5e9c9d,2026-08-16 22:47:47.000 UTC,2,18827,0.469,684.8,3,1,false
789,0xc618b905f7b41c7d53c23474322d7d3297730419,2026-08-16 22:48:23.000 UTC,2,18823,3.7776,1943.6,1,3,false
790,0xce98b9c50a16ac2868448dcb9a6a4a77ae2b9037,2026-08-16 22:48:23.000 UTC,2,18823,0.0941,306.8,1,3,true
791,0x63a36fefb36fb0484a15994d755e843c6f7fe783,2026-08-16 22:48:23.000 UTC,2,18823,0.1882,433.9,1,3,false
792,0xee768fbd287a5e7e40c46cf01dc6c4848bc21d6f,2026-08-16 22:48:59.000 UTC,2,18819,131.733,11477.5,1,1,false
793,0x4dd8198aede9b4a81af33e520d646e92759ee463,2026-08-16 22:49:59.000 UTC,2,18812,0.0958,309.4,1,2,true
794,0x851a227399bb7a64e9999bc94c9218cd828181d7,2026-08-16 22:49:59.000 UTC,2,18812,131.684,11475.4,1,2,false
795,0x9533ac559b64918ee8828c4be5c9a2dbb0e7afc5,2026-08-16 22:50:35.000 UTC,2,18807,0.0978,312.7,1,1,true
796,0x4870fb30b6e303d7a2448e18bb0547ef5e677174,2026-08-16 22:51:59.000 UTC,2,18798,0.094,306.6,1,1,true
797,0xc717f7ac1550d0aa2b0319ba3f39499cf2cc618a,2026-08-16 22:52:23.000 UTC,2,18795,2.5131,1585.3,8,1,false
798,0x75b7bd8e5b77fad888da3e3061b8a1a0636ca5af,2026-08-16 22:52:59.000 UTC,2,18791,0.094,306.5,1,1,true
799,0xd6a1ed69b2bd8947ef3838a78d57cd123be293b2,2026-08-16 22:54:11.000 UTC,2,18782,1.1645,1079.1,1,1,false
800,0xeb6b16b0dee9785c60ba629adaefce42b677cd86,2026-08-16 22:54:35.000 UTC,2,18780,35.3021,5941.6,10,1,false
801,0xaaa8450a8fb296b21f4ebe27598b40a750fe3ad5,2026-08-16 22:55:47.000 UTC,2,18771,0.0957,309.4,1,1,true
802,0xd2f2df46b78b39a51b89e00e1354873a0072baf2,2026-08-16 22:56:23.000 UTC,2,18767,0.0938,306.3,1,1,true
803,0x9b20b150e873f079187c1510ba554f267f809471,2026-08-16 22:56:35.000 UTC,2,18766,0.0938,306.3,1,1,true
815,0xb37effe9b0ec437e33d25fc72d411e85e7805eb7,2026-08-16 22:57:23.000 UTC,2,18760,3.0579,1748.7,1,1,false
816,0xd982e3586cc6ac74bb8fc1237a834a9f4fb14211,2026-08-16 22:58:11.000 UTC,2,18755,0.0957,309.3,1,1,true
827,0x1db3c6a2ea9fd77e533564f1834b30a382d6a924,2026-08-16 22:58:59.000 UTC,3,18749,0.0937,306.2,1,2,true
828,0x6caa4c53cbe612dbc00b887a6e84b0e8bc771830,2026-08-16 22:58:59.000 UTC,3,18749,131.243,11456.1,1,2,false
829,0x7ea5f3378defc303cd94c37824d604f347d176e9,2026-08-16 22:59:11.000 UTC,3,18748,0.0975,312.2,1,1,true
830,0x0b24dc8537340dcf4ff89f522f32ceb6395ef396,2026-08-16 22:59:35.000 UTC,3,18745,0.5624,749.9,1,2,false
831,0xa02969462a47298bc8f6ccfb44ebc0c662a712e6,2026-08-16 22:59:35.000 UTC,3,18745,0.0937,306.1,1,2,true
853,0x058d75339f9dca082a61fd13de62bc3e620d484f,2026-08-16 23:01:47.000 UTC,3,18730,0.0937,306,1,1,true
865,0x2073bade92241f5c286878390f413595ae7bfd22,2026-08-16 23:02:23.000 UTC,3,18725,0.0936,306,1,1,true
866,0x8a4f63af3477616aac08cc71448cc4506f3987dd,2026-08-16 23:02:59.000 UTC,3,18721,0.0936,305.9,1,1,true
867,0x5291cdd9bdfe56791114ba872c0d8f864d7cc2a3,2026-08-16 23:03:35.000 UTC,3,18717,1.8431,1357.6,6,1,false
899,0x3116f4c768695be3fa5fa3cc3f0aad81a89f3aec,2026-08-16 23:07:11.000 UTC,3,18692,0.5741,757.7,4,1,false
910,0x23991d8eec6b36d883fd7cb3a7ea3cb3c7d201ac,2026-08-16 23:07:47.000 UTC,3,18688,130.816,11437.5,1,1,false
911,0xd139b8522d7e782856162e4f4f7b72ebd2e83490,2026-08-16 23:07:59.000 UTC,3,18687,0.28,529.1,2,1,false
912,0x266ce43dc53fa0128d1367e9d70867d1b52ed3d3,2026-08-16 23:08:35.000 UTC,3,18682,130.774,11435.6,1,2,false
913,0x268b40450c33e7de5eb9e6897f0bcf7007078c2a,2026-08-16 23:08:35.000 UTC,3,18682,0.2744,523.8,2,2,false
914,0x8e04ebc67e5078f8fde2cd0b4b3fbfa703fea036,2026-08-16 23:09:11.000 UTC,3,18678,130.746,11434.4,1,1,false
915,0x49b5e39cf80bbd57357b15ccddde5c4d3f2161fa,2026-08-16 23:09:23.000 UTC,3,18677,12.1346,3483.5,1,1,false
926,0xf72d3c9f7100454b248b6976921963816600333d,2026-08-16 23:10:47.000 UTC,3,18667,130.669,11431.1,1,1,false
927,0x0180e6b83cbee7646e75e3477022857da46ff1da,2026-08-16 23:11:35.000 UTC,3,18662,130.634,11429.5,1,2,false
928,0xeafcb3d7128c81a948f9784529168127a7392d25,2026-08-16 23:11:35.000 UTC,3,18662,9.331,3054.7,1,2,false
939,0x66333aa493545ebe2c6a137044766d7ce2ebd956,2026-08-16 23:12:23.000 UTC,3,18656,130.592,11427.7,1,1,false
960,0xab052768ac9a632a79ec947fae2965b0aee8a319,2026-08-16 23:13:23.000 UTC,3,18649,130.543,11425.5,1,1,false
981,0x7a83e6c401c5237863104cdfa1fe2a5730e1bee9,2026-08-16 23:14:35.000 UTC,3,18641,0.1118,334.4,1,1,true
982,0x17dd311493e34e905070cf40ee0e06b20f5481a5,2026-08-16 23:15:35.000 UTC,3,18634,1.7571,1325.5,10,1,false
983,0x3c15fc1a7cb921459508f139ae0ae963b883c6c4,2026-08-16 23:15:59.000 UTC,3,18631,0.8384,915.6,1,1,false
984,0x382104726caab17096599b7e1e6316495d820ac1,2026-08-16 23:18:23.000 UTC,3,18614,130.298,11414.8,1,1,false
985,0xf80f4a11eeab430aa02f87d49a6db32c90d00194,2026-08-16 23:18:35.000 UTC,3,18613,2.1091,1452.3,12,1,false
986,0xa9d85386050ef91d65da21b6d0362f757c6b4ef2,2026-08-16 23:18:47.000 UTC,3,18612,0.3899,624.4,2,1,false
987,0x221fecf89eea4924abb8bde051b4a9d16c0633cd,2026-08-16 23:19:11.000 UTC,3,18609,0.093,305,1,2,true
988,0xd03c069c493f0ad009ad54985d9f9f904cc7613e,2026-08-16 23:19:11.000 UTC,3,18609,130.263,11413.3,1,2,false
989,0x2cb296048f52424eb3f5bedff035f7c4d6dd9396,2026-08-16 23:19:23.000 UTC,3,18607,0.093,305,1,1,true
990,0x1c86cf0581ebe94546f213aab2ae4d27838cdab2,2026-08-16 23:19:47.000 UTC,3,18605,0.1488,385.8,1,2,true
991,0x8976a268ec70cf8549bc93c10e297ac8e16ad102,2026-08-16 23:19:47.000 UTC,3,18605,0.7442,862.7,1,2,false
992,0xb3e845eae432eed5f2ac8851202030f4c904666f,2026-08-16 23:20:11.000 UTC,3,18602,0.093,305,1,1,true
993,0x9c4f8c9d3a94a1822bd5d4a829903d4e114ee9a1,2026-08-16 23:20:35.000 UTC,3,18599,0.93,964.3,1,2,false
994,0x146e0526d23bfdcf6d8dc6f56b9920baa91d3f2f,2026-08-16 23:20:35.000 UTC,3,18599,0.0949,308,1,2,true
995,0xfcf083b04a25ea6403f2a38b8e275c57e48e2c06,2026-08-16 23:20:59.000 UTC,3,18596,2.6034,1613.5,1,1,false
996,0x7e788209df79c476d97a309324a9bf95bcd72e97,2026-08-16 23:21:35.000 UTC,3,18592,130.144,11408.1,1,1,false
997,0x3e3544d9dd4f242a4faec40f8b836c7629b4b1d5,2026-08-16 23:21:47.000 UTC,3,18591,0.4618,679.5,3,1,false
998,0xc8597d79bce0a06393832ae98033c5bb2aa2d529,2026-08-16 23:22:59.000 UTC,3,18582,0.1115,333.9,1,2,true
999,0x4337abcc609b2a278fff4314830d271b3dbbfab4,2026-08-16 23:22:59.000 UTC,3,18582,130.074,11405,1,2,false
1000,0x3730ce983bcde8a76c00e5fafea7b2f89feb10b0,2026-08-16 23:24:11.000 UTC,3,18574,130.018,11402.5,1,1,false
