contributor,first_deposit_time,first_hour,max_early_bps,final_weight_eth,approx_points,deposit_count
0x2fe4093c894749e596f458764c377bf4f1337b58,2026-08-17 02:20:11.000 UTC,6,17352,1363.3962,36924.2,2
0xe781b28e02ed5fc4b989905cb6848d318f4735fd,2026-08-17 16:37:23.000 UTC,20,11399,1139.9,33762.4,1
0x383f42b5de515c564641f65f5da3bd8b4a35b4b4,2026-08-17 00:24:59.000 UTC,4,18152,1125.424,33547.3,1
0x1aa780bb10425b86bcf05ecbb7953f9a93729ed9,2026-08-17 11:03:35.000 UTC,15,13717,1105.7274,33252.5,1
0x75d51517b90cc5c8873c631ddc177a1bfd96b074,2026-08-16 21:25:47.000 UTC,1,19396,951.9288,30853.3,12
0x5d13fd37e8758030a6a10857c0cb699b2bff7a83,2026-08-16 21:33:11.000 UTC,1,19345,947.905,30788.1,1
0x2d3fd4eb27e1ff622eb699c1b10cc7663be70ab5,2026-08-16 21:43:59.000 UTC,1,19270,944.23,30728.3,1
0x381fe486d87c7f2633c777f1b5be3105a2a51744,2026-08-16 20:46:47.000 UTC,0,19667,902.1074,30035.1,2
0x000461a73d3985eef4923655782aa5d0de75c111,2026-08-16 21:30:59.000 UTC,1,19360,613.9054,24777.1,2
0x193e75b60a4ca8bc842dc28604afc6c41afe972a,2026-08-16 21:29:35.000 UTC,1,19370,522.6394,22861.3,2
0xd8222670b20761708d32a6a9b5e2f3a266d9673d,2026-08-16 21:09:23.000 UTC,1,19510,338.5654,18400.1,2
0xbb24cda09cb5a838ec93bae56278dc799f34feb4,2026-08-16 20:32:35.000 UTC,0,19766,333.596,18264.6,3
0x82c4426b73929c9b2a373b3a902ae7471abf0914,2026-08-16 21:33:35.000 UTC,1,19342,261.1408,16159.9,8
0xad468e8336182e2cec7022f3434f91227c33a723,2026-08-16 23:27:11.000 UTC,3,18553,256.0314,16001,1
0x7f2fc61aab7ae63eb8192bb7ec36709917707f7a,2026-08-16 21:41:23.000 UTC,1,19288,243.0288,15589.4,1
0x2bdf1a698d39a4358e2c162deacc038fadb8a9d5,2026-08-16 21:58:23.000 UTC,1,19170,239.625,15479.8,1
0xd891769ecec9dc911441a15b1a090cc9af1d9eee,2026-08-17 17:51:47.000 UTC,21,10882,236.0542,15364.1,2
0x9572cbe40ff2ed3dd1a4c0fa1c4a89bae0decccb,2026-08-17 17:37:47.000 UTC,21,10980,225.09,15003,1
0x85e3f17c84e239cec91e42ab3df021db45febf17,2026-08-17 11:47:47.000 UTC,15,13410,224.6557,14988.5,4
0xd3474bd2f558b12e83810ec7d8af14f2d1d08137,2026-08-17 08:53:47.000 UTC,12,14619,204.3325,14294.5,4
0xd15031d0942634ccac10274e68945a23d2720922,2026-08-17 16:51:47.000 UTC,20,11299,194.3315,13940.3,1
0x626a4912f9671ecb7ff42c85f0392fd437875d51,2026-08-17 16:52:59.000 UTC,20,11291,194.1939,13935.3,1
0x4fb24fb1cdf7a990fa8df38f78c1d49f1f74bea3,2026-08-17 16:53:59.000 UTC,20,11284,194.0735,13931,1
0x3e89d442c94c8760029bc952ec2068194a4fa7cb,2026-08-17 16:54:47.000 UTC,20,11278,193.9703,13927.3,1
0x6c59ee4552f44dd93841a2b39304c3ed7e1935b4,2026-08-17 16:56:11.000 UTC,20,11269,193.8155,13921.8,1
0xcecc592a6c188f3b59ea0fc06f4f4fbb42e637d8,2026-08-17 16:56:47.000 UTC,20,11264,193.7295,13918.7,1
0x1b6020630c59b1ca6f2391c102f8614a2380ebd1,2026-08-17 16:57:23.000 UTC,20,11260,193.6607,13916.2,1
0x225c94b665f915ef85e6fd7f6fb2ff514daa6733,2026-08-17 16:57:59.000 UTC,20,11256,193.5919,13913.7,1
0x85a8fa8eae4d5ce10cc287da19030a87174491aa,2026-08-17 16:58:35.000 UTC,20,11252,193.5231,13911.3,1
0x918f37cf78dbeedcd5c7bdb2dbbe122980ac11b6,2026-08-17 16:59:35.000 UTC,21,11245,193.4028,13906.9,1
0xd4b4cab5cf150f46448a8b312cf4d96521953c5f,2026-08-16 21:41:23.000 UTC,1,19288,192.0583,13858.5,2
0x5439a236a706a64c965c0aeb735f829d7d188d4d,2026-08-17 03:34:35.000 UTC,7,16835,183.2666,13537.6,3
0x27ba37d658c9c1e7f3175d662fdb21f0ae347871,2026-08-17 04:43:59.000 UTC,8,16353,154.1895,12417.3,9
0xea206a51c4dfb41d483de457c4bc93b10716c72c,2026-08-17 07:06:11.000 UTC,11,15366,153.362,12383.9,5
0xe28601398a5448d1147e6e8b0e0c6d686f0d216d,2026-08-16 22:27:59.000 UTC,2,18964,134.8079,11610.7,8
0xaab60fcae970da078a18e165d0e6f9f570731a14,2026-08-16 22:27:23.000 UTC,2,18969,132.783,11523.2,1
0x72f02154b3cd7326db767868dc06e4cede699706,2026-08-16 22:30:35.000 UTC,2,18946,132.622,11516.2,1
0x7d19ff4f15e11dbe8179a40b7b725d7a22af01d2,2026-08-16 22:34:11.000 UTC,2,18921,132.447,11508.6,1
0x61d345347acae0b8fe185ca6ec01857da8c23b7e,2026-08-16 22:36:47.000 UTC,2,18903,132.321,11503.1,1
0x10a16ff9b7604f85b56a01a2d5a04a91292b00a7,2026-08-17 11:38:23.000 UTC,15,13475,132.2338,11499.3,2
0xeb08c7c00765e5bd51919c3d6bc8094ae6a80ac7,2026-08-16 22:39:47.000 UTC,2,18882,132.174,11496.7,1
0xe66ed27ca8fc7ce2d5b7e93469d1ce54a652135f,2026-08-16 22:41:23.000 UTC,2,18871,132.097,11493.3,1
0x4edc23bff05bd48e6d9c452454643058871ddd92,2026-08-16 22:42:35.000 UTC,2,18863,132.041,11490.9,1
0xec34ea3a762b9a8feb69448dbfedac3e624e8c5c,2026-08-16 22:43:35.000 UTC,2,18856,131.992,11488.8,1
0xc7e77f001aef17e7eb9caba574c2d431208a99aa,2026-08-17 11:33:59.000 UTC,15,13506,131.9436,11486.7,3
0x627bb88b7a458d4f74dad1f12726502b47a57641,2026-08-17 11:45:35.000 UTC,15,13425,131.8908,11484.4,2
0xc49b8bc5caa6b961adcd492f447aab25328fda6f,2026-08-16 22:45:59.000 UTC,2,18839,131.873,11483.6,1
0xee768fbd287a5e7e40c46cf01dc6c4848bc21d6f,2026-08-16 22:48:59.000 UTC,2,18819,131.733,11477.5,1
0x851a227399bb7a64e9999bc94c9218cd828181d7,2026-08-16 22:49:59.000 UTC,2,18812,131.684,11475.4,1
0xaf80a4c67c7ad46cd7450c83d4bdf63098dbf094,2026-08-17 11:40:59.000 UTC,15,13457,131.2825,11457.9,2
0x6caa4c53cbe612dbc00b887a6e84b0e8bc771830,2026-08-16 22:58:59.000 UTC,3,18749,131.243,11456.1,1
0xab0bc203b86ce7635adb9e1d0907956a93da2ba9,2026-08-17 11:34:23.000 UTC,15,13503,131.1844,11453.6,2
0x5dfdd72d9b8a93f08929e5007252426076ad4386,2026-08-17 12:24:23.000 UTC,16,13156,130.9022,11441.2,1
0x6369ab01323884ea46639a51ed3ea2140730c73a,2026-08-17 12:27:23.000 UTC,16,13135,130.8246,11437.9,1
0x23991d8eec6b36d883fd7cb3a7ea3cb3c7d201ac,2026-08-16 23:07:47.000 UTC,3,18688,130.816,11437.5,1
0x3091ab73974d9989189ed4e4a80f8482feb2f361,2026-08-17 12:28:11.000 UTC,16,13130,130.7748,11435.7,1
0x266ce43dc53fa0128d1367e9d70867d1b52ed3d3,2026-08-16 23:08:35.000 UTC,3,18682,130.774,11435.6,1
0x8e04ebc67e5078f8fde2cd0b4b3fbfa703fea036,2026-08-16 23:09:11.000 UTC,3,18678,130.746,11434.4,1
0xf72d3c9f7100454b248b6976921963816600333d,2026-08-16 23:10:47.000 UTC,3,18667,130.669,11431.1,1
0x0180e6b83cbee7646e75e3477022857da46ff1da,2026-08-16 23:11:35.000 UTC,3,18662,130.634,11429.5,1
0x15d7675645a006c94d9d3fba1b7a2e6796b7779a,2026-08-17 11:35:35.000 UTC,15,13495,130.6058,11428.3,2
0x66333aa493545ebe2c6a137044766d7ce2ebd956,2026-08-16 23:12:23.000 UTC,3,18656,130.592,11427.7,1
0xab052768ac9a632a79ec947fae2965b0aee8a319,2026-08-16 23:13:23.000 UTC,3,18649,130.543,11425.5,1
0xed2c4c203d66593f438cd4dd98c9658f5a4616b4,2026-08-17 11:30:35.000 UTC,15,13530,130.4532,11421.6,2
0xb81a3fc5d5463abba3ea7f835fa073b2f73b9a8a,2026-08-17 12:31:23.000 UTC,16,13107,130.4147,11419.9,1
0x05fd72602c8b636ec715c5395c73af6e7f551e7e,2026-08-17 11:41:23.000 UTC,15,13455,130.3656,11417.8,3
0xbe0fe5f1d12e6b70fcf83dd1834e5f30654d8fe5,2026-08-17 12:40:23.000 UTC,16,13045,130.3196,11415.8,1
0x382104726caab17096599b7e1e6316495d820ac1,2026-08-16 23:18:23.000 UTC,3,18614,130.298,11414.8,1
0xdb113944a45250930bfa9dde2a12beb8c27b5e25,2026-08-17 12:33:35.000 UTC,16,13092,130.2654,11413.4,1
0xd03c069c493f0ad009ad54985d9f9f904cc7613e,2026-08-16 23:19:11.000 UTC,3,18609,130.263,11413.3,1
0x23c05bb0d5ec731a2224558d13e1fe0e66d39906,2026-08-17 12:46:11.000 UTC,16,13005,130.1801,11409.6,1
0x7e788209df79c476d97a309324a9bf95bcd72e97,2026-08-16 23:21:35.000 UTC,3,18592,130.144,11408.1,1
0x07fbecfc6ddf001d2ece5ead1976965ee3d7e01b,2026-08-17 12:37:23.000 UTC,16,13066,130.1374,11407.8,1
0x1cda48149486db556face412a32fd5c45a906fc3,2026-08-17 12:41:35.000 UTC,16,13037,130.1093,11406.5,1
0x5a033f8cfd7fdf9e76075b1320ee52dc368b0dc6,2026-08-17 12:30:35.000 UTC,16,13113,130.081,11405.3,1
0x4337abcc609b2a278fff4314830d271b3dbbfab4,2026-08-16 23:22:59.000 UTC,3,18582,130.074,11405,1
0xafe1687f223c3efa9183c4594b92b28b063cd0f3,2026-08-17 12:42:47.000 UTC,16,13028,130.0194,11402.6,1
0x3730ce983bcde8a76c00e5fafea7b2f89feb10b0,2026-08-16 23:24:11.000 UTC,3,18574,130.018,11402.5,1
0x20b6d846d638720713c2fec27522e297aefb4e9a,2026-08-17 12:25:59.000 UTC,16,13145,130.004,11401.9,1
0x01887660eb86050af2db46c0a5774dae5249e8da,2026-08-17 12:33:59.000 UTC,16,13089,129.9738,11400.6,1
0x4e0618aa6883b756b52de2192402f122ffd7d685,2026-08-16 23:25:47.000 UTC,3,18563,129.941,11399.2,1
0xf1ddbc9db3f5db20e5f5a0f1156f9bb0b6e4d316,2026-08-16 23:26:47.000 UTC,3,18556,129.892,11397,1
0xdfcce30c2a6632c815af18a8200260dba5b93ad3,2026-08-16 23:27:35.000 UTC,3,18550,129.85,11395.2,1
0xb04bc9605187612b4df937a4a58a67463610c866,2026-08-17 12:51:35.000 UTC,16,12967,129.7997,11393,1
0x743ee1f4f2412e9237f5c58cdd74693f1e027558,2026-08-16 23:32:35.000 UTC,3,18516,129.612,11384.7,1
0x02eae8378624e74cc511361189de363976728b1b,2026-08-17 11:47:59.000 UTC,15,13409,129.5767,11383.2,2
0x34852e23baa37831a7192993262b470bfc14d86d,2026-08-17 11:31:35.000 UTC,15,13523,129.5664,11382.7,2
0xf6e8a085cc6b5013fc2cab38e929aa2e95268a3c,2026-08-17 11:29:47.000 UTC,15,13535,129.5496,11382,2
0x505a05e9caa90d7300c7cf06dc02dde09c6481e5,2026-08-16 23:33:59.000 UTC,3,18506,129.542,11381.7,1
0x5e1637cbe5a2af727dc4a7ca3e98851cdc825f95,2026-08-17 12:46:35.000 UTC,16,13002,129.4999,11379.8,1
0x9a39d70755b0707eaa87387881f6d0dfa3711f3d,2026-08-17 11:31:11.000 UTC,15,13525,129.472,11378.6,2
0xb83e779e5e62e7614ad417ceb8363e5107989364,2026-08-17 12:45:11.000 UTC,16,13012,129.4694,11378.5,1
0x717986b284bb16954a71c74f45a439b630e2d382,2026-08-17 12:28:35.000 UTC,16,13127,129.4322,11376.8,1
0x238d0c5f73ffd5bb0ab7f3c7dab3aecea86c2c07,2026-08-17 12:24:47.000 UTC,16,13153,129.4255,11376.5,1
0x96bc7b727ab1fb13f6368440ed34f2e1883bdf6d,2026-08-16 23:36:59.000 UTC,3,18485,129.395,11375.2,1
0x241548a703a83b11a02cdbd54e248bd8f7f4b8f2,2026-08-17 12:36:59.000 UTC,16,13069,129.3831,11374.7,1
0xfee819ee0beedcdeef36e6425c72462a2ed92bdb,2026-08-17 11:39:59.000 UTC,15,13464,129.362,11373.7,2
0xa7a6c1915d095756d4cc0e21996b075adc9d466a,2026-08-16 23:38:11.000 UTC,3,18477,129.339,11372.7,1
0x533a98f79609632b1ab23a7610836f019a7a133e,2026-08-17 12:58:35.000 UTC,16,12919,129.3192,11371.9,1
0x0e805674c294cab3597666429f438639f54f8a43,2026-08-16 23:39:35.000 UTC,3,18467,129.269,11369.7,1
0x81aeb69b3cc97c8cd917770590ac7f9ba761565f,2026-08-16 23:40:35.000 UTC,3,18460,129.22,11367.5,1
0xacb0fc66018ce18d8e44f74ed5da80a4cf7b3278,2026-08-17 12:59:59.000 UTC,17,12909,129.2191,11367.5,1
0x54a91f42535a7eabf2aa460734f5dee8ecb36ab9,2026-08-17 13:02:11.000 UTC,17,12894,129.0689,11360.9,1
0xa8925c65c5c6f159a4648e9812a49c0c9d94b822,2026-08-17 12:39:59.000 UTC,16,13048,129.0447,11359.8,1
0x3122a36ad668cacd761323a93e47bb9f81bb7c98,2026-08-17 12:58:59.000 UTC,17,12916,129.0308,11359.2,1
0x1c324a7942cb38c1b9d7565fa9103d741d23e6b4,2026-08-17 12:44:23.000 UTC,16,13017,128.9985,11357.7,1
0x5b784457495e5063fa7b139f806adbc8125ef6fa,2026-08-17 11:32:47.000 UTC,15,13514,128.9946,11357.6,2
0x8e0623a1cec6de19c771cc1dd4060f4e2ab486e4,2026-08-17 12:29:23.000 UTC,16,13121,128.9794,11356.9,1
0x6fe78cdb17f224ca24515470783515338836cfde,2026-08-17 11:37:35.000 UTC,15,13481,128.9605,11356.1,2
0xe668d9cdc74b15681ed1215700142dee2cd6b986,2026-08-17 12:41:11.000 UTC,16,13039,128.9557,11355.9,1
0x79de1077eed936d479a92e0e4e3271d768b085a3,2026-08-17 12:32:23.000 UTC,16,13100,128.904,11353.6,1
0x570425186581122bfb619d22550292abe38947f9,2026-08-17 12:36:35.000 UTC,16,13071,128.7494,11346.8,1
0x0e9b7115f97a827d2d490a5486d52484defdf3a7,2026-08-17 13:06:47.000 UTC,17,12862,128.7486,11346.7,1
0x7b80f374579c64850c11c96ceecfabfb09231fe1,2026-08-17 11:36:11.000 UTC,15,13491,128.7256,11345.7,2
0x3460c4e956d26af70679be405d579255e9e90e1d,2026-08-17 11:34:47.000 UTC,15,13500,128.6422,11342.1,2
0x9a0fbeff07b90e26a6d176231819379a03a39073,2026-08-17 12:38:35.000 UTC,16,13057,128.6115,11340.7,1
0x7d9c5158dd7f20519b2dd6239f5d10987b123e44,2026-08-17 12:39:11.000 UTC,16,13053,128.5721,11339,1
0xc178c7c2c4a78dd222371c2bc374e9efd194f1c6,2026-08-17 13:04:59.000 UTC,17,12874,128.4825,11335,1
0x5f33830d8df0003635ed7fd8e3eac8b2d12f8ee5,2026-08-17 12:57:59.000 UTC,16,12923,128.3254,11328.1,1
0xdfb0a710c111dd3e61b3573b1f9020e175c66304,2026-08-17 12:49:35.000 UTC,16,12981,128.2523,11324.9,1
0x0dc5f1fee19078cb368340037f3b487bdc289864,2026-08-17 13:14:47.000 UTC,17,12806,128.1881,11322,1
0x8b45b51407858e7cc37334e5730f0b5b3d5b8b1a,2026-08-17 12:29:47.000 UTC,16,13119,128.1726,11321.3,1
0x58561d96789d9ce58981962b1adacda755b17050,2026-08-17 13:15:59.000 UTC,17,12798,127.98,11312.8,1
0x76676913761d8859b29ac854b371210a7f6c7f05,2026-08-17 13:12:23.000 UTC,17,12823,127.9735,11312.5,1
0x3ee21aceeecedb6c756e2e0872b5fd0ee655d6b6,2026-08-17 11:51:59.000 UTC,15,13381,127.9697,11312.4,2
0x2f9e498d450fa0b5805f5e5a6becb71b5e433131,2026-08-17 11:39:35.000 UTC,15,13467,127.9588,11311.9,2
0xf738ca3e9762bb2ac8723979135f0590373c1b2e,2026-08-17 12:55:59.000 UTC,16,12937,127.8176,11305.6,1
0x80e9d9bb6f9ad7cc2fd0b58e4bdef01fa85543a8,2026-08-17 12:48:47.000 UTC,16,12987,127.7921,11304.5,1
0xa758be60ee3e7cb99e54dafeede290f52c5af261,2026-08-17 11:40:35.000 UTC,15,13460,127.7584,11303,2
0x94450b66aa1615a5a870d656680bf35f55de8c07,2026-08-17 11:51:23.000 UTC,15,13385,127.7262,11301.6,2
0x1520184788118c9629fb3a7537080d3fd2c14ed3,2026-08-17 11:50:35.000 UTC,15,13391,127.6527,11298.3,2
0xd9562a8eb5e4c731f7129335695087acf6020ba7,2026-08-17 13:04:23.000 UTC,17,12878,127.621,11296.9,1
0x21db980a4dd15d663af718f03fc4cd0a1995adce,2026-08-17 12:47:23.000 UTC,16,12996,127.6207,11296.9,1
0x1c85cc7a91f8d7cf580825090bb958d177953b56,2026-08-17 11:58:59.000 UTC,16,13332,127.5872,11295.5,1
0xd9b00c6421a979e34d2322dbb63d4cfeb4b829ad,2026-08-17 13:01:23.000 UTC,17,12899,127.5711,11294.7,1
0xaab195191005abfbb00e7db14dd506be499e4be7,2026-08-17 12:51:59.000 UTC,16,12964,127.5658,11294.5,1
0xdad06928d7659c68bc8989f9a5abe11418f93567,2026-08-17 11:53:11.000 UTC,15,13373,127.5471,11293.7,2
0x4b3fd3cfc9c37d25c1befeb67a24b7e12ca316dc,2026-08-17 13:22:35.000 UTC,17,12752,127.52,11292.5,1
0x8854ca81c2b017f80209a81c2d07486d0224e274,2026-08-17 11:46:47.000 UTC,15,13417,127.4957,11291.4,2
0x7043298e6625d99e7744d5d06c64ea986b8924b9,2026-08-17 11:33:35.000 UTC,15,13509,127.4637,11290,2
0x6b85638d6a15482eb72e51c75425b4f2c2c6015f,2026-08-17 13:17:59.000 UTC,17,12784,127.4565,11289.7,1
0x8e99558115c7e8394682df5c4adbbf24b9df1be8,2026-08-17 11:38:59.000 UTC,15,13471,127.4498,11289.4,2
0x0cd2073ccef64de60baa5a9152651b9a48788e6d,2026-08-17 13:21:47.000 UTC,17,12757,127.4424,11289,1
0xb3b04bcca7c19824ee55c898b6c1b067e671f2da,2026-08-17 11:48:35.000 UTC,15,13405,127.4391,11288.9,2
0x58cd1f7a2d19dbd99c6b1326315497dfda489c97,2026-08-17 12:52:23.000 UTC,16,12962,127.4165,11287.9,1
0x472ac047e86b6ec8f3cb7debf64778e405f71144,2026-08-17 12:26:23.000 UTC,16,13142,127.346,11284.8,1
0x3b2b59427bf359cf769124f170ff051a96df15e0,2026-08-17 12:50:47.000 UTC,16,12973,127.2651,11281.2,1
0xed5caf1409a1e8ec3ec4b15efb1ee5cfebf3c41e,2026-08-17 12:56:47.000 UTC,16,12931,127.241,11280.1,1
0xb2cb54a7bc19dcced702c92032efc6c2a1414786,2026-08-17 13:23:47.000 UTC,17,12744,127.1851,11277.6,1
0xbfb74cb1a276c81fe75990aafedd8a9ceb086006,2026-08-17 13:09:11.000 UTC,17,12845,127.1655,11276.8,1
0x73ec3d6fd1c395c68105ae242560dc8ae74ed88a,2026-08-17 12:54:47.000 UTC,16,12945,127.1199,11274.7,1
0xfd5b262557876ba036ef3c990ea25c49533ec751,2026-08-17 12:49:59.000 UTC,16,12978,127.0546,11271.9,1
0x648d8bab3adf74131922a5f26e79e0dd65c88f4d,2026-08-17 13:22:11.000 UTC,17,12755,127.0398,11271.2,1
0xab1c3ed498f7c30fc236e60f5c91ba8665d5144a,2026-08-17 13:24:35.000 UTC,17,12738,126.9979,11269.3,1
0xedccd1b0d1fe4daf09b63f79d7d014bf6f8fd84d,2026-08-17 13:06:11.000 UTC,17,12866,126.9874,11268.9,1
0x9b0ff2a48671465c3d00af6521c8ad5ddd198e25,2026-08-17 13:13:35.000 UTC,17,12814,126.9867,11268.8,1
0x9649147d5ccf20b3ec531c59506230db5136b96d,2026-08-17 12:53:35.000 UTC,16,12953,126.9394,11266.7,1
0x688769bb137a19836670eeec173017e8dfa734d2,2026-08-17 13:19:59.000 UTC,17,12770,126.9338,11266.5,1
0x61f6276f80af69a5e7c24caa3c31cf05f372f89b,2026-08-17 12:34:47.000 UTC,16,13084,126.9148,11265.6,1
0x53e568ffa2ce5a9145834783abdcb2a80b1265e5,2026-08-17 13:10:59.000 UTC,17,12832,126.9085,11265.4,1
0x5559c954cc3a12c88596a50e3b34b689414685d8,2026-08-17 12:50:23.000 UTC,16,12975,126.8955,11264.8,1
0xf8d53a1d09b94832d1c5d8ed385c9cb3f7bdc17a,2026-08-17 13:27:59.000 UTC,17,12714,126.8857,11264.4,1
0x4ca4ad444630900a40de9f758ffd1a664e949f38,2026-08-17 13:07:59.000 UTC,17,12853,126.8591,11263.2,1
0xea3b6e209644e7d6363e22b6727f3a8fff98c234,2026-08-17 12:39:35.000 UTC,16,13050,126.846,11262.6,1
0xffd9e7d5e529db4050fda9d36e2d8ebb080f1222,2026-08-17 12:45:35.000 UTC,16,13009,126.8378,11262.2,1
0x500b2e58f582fd03989580b3ff043b381868bf88,2026-08-17 13:13:59.000 UTC,17,12812,126.7107,11256.6,1
0x4be583c18f4068b91ac745e7fa3f9ca7b47f58d7,2026-08-17 12:34:23.000 UTC,16,13087,126.6822,11255.3,1
0x6acecb929434c8ce8d71624250a68452f050d686,2026-08-17 13:34:59.000 UTC,17,12666,126.66,11254.3,1
0x7de49c6919a7a00edc8ce8c532efbd09228cb137,2026-08-17 13:16:47.000 UTC,17,12792,126.6408,11253.5,1
0x74fd4050a4fc63e0968de071b6164b823685a942,2026-08-17 12:25:35.000 UTC,16,13148,126.6152,11252.3,1
0xfc8726f93502752ac263de42fd2257269524490b,2026-08-17 12:30:11.000 UTC,16,13116,126.5694,11250.3,1
0xa43c552a62daf106f169e3777482f0c1a239139b,2026-08-17 12:40:47.000 UTC,16,13042,126.5074,11247.6,1
0x3b39e8c0053ef26ac35cbf0b5050f443782153dc,2026-08-17 13:19:11.000 UTC,17,12775,126.4725,11246,1
0xade6c5927014b4502a20584e670c09594d0789c4,2026-08-17 12:38:11.000 UTC,16,13060,126.4208,11243.7,1
0x342062bbee8ee3992987305fe6b0498b6242f9d9,2026-08-17 11:45:11.000 UTC,15,13428,126.3818,11242,2
0xb6e382c13a6c0e5da78ade8ab48d8b2dabeb3265,2026-08-17 11:49:47.000 UTC,15,13396,126.367,11241.3,2
0x9c8727257e4f83ca70d1562b7f9bbc57c5625d0d,2026-08-17 12:46:59.000 UTC,16,12999,126.3503,11240.6,1
0xb9b0008259231172818c30e7923ead1c4d08d03c,2026-08-17 12:53:11.000 UTC,16,12956,126.321,11239.3,1
0x9d7295b161b7412492b0d84a0644632ad3541bd0,2026-08-17 12:36:11.000 UTC,16,13074,126.2948,11238.1,1
0x8efcaa8c9f2d32606335f4f6c91c09c6d24b1721,2026-08-17 13:12:59.000 UTC,17,12819,126.2672,11236.9,1
0x418ea3b87b71f9baa2a657e9c38a94cd97574a65,2026-08-17 13:05:23.000 UTC,17,12871,126.2645,11236.7,1
0x3ce1608d3bbc7a94c818981bd554ac61b1bd2d62,2026-08-17 12:35:23.000 UTC,16,13080,126.222,11234.9,1
0x151dd7ac225cc95aaa93c0acea9d3d408518ac76,2026-08-17 13:00:59.000 UTC,17,12902,126.1816,11233.1,1
0x41652dc3b16b871911684546350a622cdfece0e4,2026-08-17 12:59:35.000 UTC,17,12912,126.1502,11231.7,1
0x6576abbb1deb61040ea3e27fdf8f264348dbcf3e,2026-08-17 12:49:11.000 UTC,16,12984,126.0746,11228.3,1
0x620d5635a69cda9786ce39e795af3ebf094e64ab,2026-08-17 12:31:47.000 UTC,16,13105,126.0701,11228.1,1
0x17270e795924637b944e55aae80bd00077c62b9b,2026-08-17 13:42:47.000 UTC,17,12612,125.9939,11224.7,1
0xfdc383a0fd884ecd7023939ac80731edec30c4e9,2026-08-17 13:22:59.000 UTC,17,12749,125.9601,11223.2,1
0xb92d7a0a5463c08e991464af28fe868d1c5e1bb6,2026-08-17 12:27:47.000 UTC,16,13132,125.9359,11222.1,1
0x6410cb2da35999ce25e066e7e69fc26eb49bcbea,2026-08-17 13:20:47.000 UTC,17,12764,125.853,11218.4,1
0xfa30d2e563c89c7ef1054ce6c2fe9222e5c21471,2026-08-17 13:19:35.000 UTC,17,12773,125.8141,11216.7,1
0xbcb665cc84206c27751335f42f9b0aa73a4e5469,2026-08-17 12:41:59.000 UTC,16,13034,125.7781,11215.1,1
0xf5cabd759f03d5885ca97f6300d3a099b77d112f,2026-08-17 12:54:23.000 UTC,16,12948,125.7251,11212.7,1
0x7a13d777fbad52032e569fe9f61783ac216f1591,2026-08-17 13:29:11.000 UTC,17,12706,125.6623,11209.9,1
0xaf3a7bed71fa4efdba5c83bc9d93cf16fd3bde7f,2026-08-17 13:35:59.000 UTC,17,12659,125.5773,11206.1,1
0xfc7d091820e51cefdce33661d490f4523b82b282,2026-08-17 13:08:23.000 UTC,17,12850,125.5445,11204.7,1
0x881b7d4b63f7ec820eca7925c2cb7e98af091161,2026-08-17 04:18:35.000 UTC,8,16530,125.5125,11203.2,2
0x3c5a4bf87b919420eb181aa3afa0e0d43665b601,2026-08-17 12:35:47.000 UTC,16,13077,125.4084,11198.6,1
0xddf5fe7bcb1fd4217d6fe2ec9d719c603e09cf8f,2026-08-17 13:05:47.000 UTC,17,12869,125.3441,11195.7,1
0xe21db94bf5cbfb8ca8d3bc664e0da45dbd6b585e,2026-08-17 12:25:11.000 UTC,16,13150,125.3195,11194.6,1
0x376c0217b8cc0e9b8068b8ce663742b40246eda0,2026-08-17 12:37:47.000 UTC,16,13063,125.2742,11192.6,1
0x3a245cb5579da217953cc4633275ba5eeea8dfaa,2026-08-17 12:42:23.000 UTC,16,13031,125.0976,11184.7,1
0x14e4fcd6409d84e4d38216ef592702359bac40e0,2026-08-17 12:32:47.000 UTC,16,13098,125.0859,11184.2,1
0x4ac4a33101abb2aa21167de2b881429b915818a3,2026-08-16 20:41:35.000 UTC,0,19703,125.0828,11184,2
0xb418c237cb9798118bb353178fa29738cccba3f7,2026-08-17 12:33:11.000 UTC,16,13095,125.0573,11182.9,1
0xe09ff87dcef199e8db3d9bac0aecc84271243364,2026-08-17 13:11:59.000 UTC,17,12825,125.0438,11182.3,1
0x908de3bc7159aa329cd14ad2069fb67831168bb7,2026-08-17 13:42:23.000 UTC,17,12614,125.0047,11180.6,1
0xf2bb028b7f18d4f5b503fd875312edef3d3281a4,2026-08-17 13:07:11.000 UTC,17,12859,124.9895,11179.9,1
0x9116d84b0af7662db42348b7b31935ecf30bf337,2026-08-17 12:48:23.000 UTC,16,12989,124.9542,11178.3,1
0xbd0e4d3879ccfd3c7144530c87a3799fe94e66ea,2026-08-17 12:28:59.000 UTC,16,13124,124.9405,11177.7,1
0x0c242204b795d89fb8274d668a79b1f35ad07909,2026-08-17 14:00:23.000 UTC,18,12489,124.89,11175.4,1
0xef1084150c538cad3d249840605dc9c2ce1bd976,2026-08-17 12:43:59.000 UTC,16,13020,124.8618,11174.2,1
0x033b775f51e753c754a90d510c933a78271505e7,2026-08-17 13:37:35.000 UTC,17,12648,124.8358,11173,1
0x8a69f5096b1d9925dfbcdf329e3d4f8f84527081,2026-08-17 12:44:47.000 UTC,16,13014,124.6741,11165.8,1
0xa0e0fd60f43dbce90bda6c0668c21e8f9199d7f7,2026-08-17 13:00:23.000 UTC,17,12906,124.672,11165.7,1
0xb57ac4879fff6c58f390bc43cade2f0992afb182,2026-08-17 12:52:47.000 UTC,16,12959,124.6656,11165.4,1
0xad0a7563de495465fc642d6bf5c97e59ae2ae5c9,2026-08-17 14:02:11.000 UTC,18,12477,124.6452,11164.5,1
0xae4c819b4da75b6425693ef853cd0e086cb760b3,2026-08-17 12:51:11.000 UTC,16,12970,124.6417,11164.3,1
0x0f34fd50bafea97486760e58d971c3bcea3d8db7,2026-08-17 13:43:11.000 UTC,17,12609,124.5769,11161.4,1
0x01d0f79c84f7079cd18ba5f23039cec3fa30313c,2026-08-17 13:46:59.000 UTC,17,12582,124.5618,11160.7,1
0xbdc259158270f156fcfe8c00b597921fddaba558,2026-08-17 12:57:11.000 UTC,16,12928,124.4966,11157.8,1
0x15fc946d794c54cdab73caf94b95031ee57f56f4,2026-08-17 14:04:35.000 UTC,18,12460,124.3508,11151.3,1
0xdf5cbd2acf430746a63af552e11d2d9d20a3b2d9,2026-08-17 12:55:35.000 UTC,16,12939,124.3438,11151,1
0x154884284771e42b5d017fed840e22a3cfae0a9c,2026-08-17 13:26:23.000 UTC,17,12725,124.3232,11150,1
0xfd02ecc2d601f40a6364e8b51e694f730b5cd5e8,2026-08-17 13:03:59.000 UTC,17,12881,124.3017,11149.1,1
0x8d81983c425a036b03f92d1978cd6e9a7ca0683e,2026-08-17 13:37:59.000 UTC,17,12645,124.3004,11149,1
0x4a20234e65a28b5e5878437c2d230839b865711d,2026-08-17 14:10:59.000 UTC,18,12416,124.2842,11148.3,1
0xcf842544b17d1a990669dd136c1458c7730192ee,2026-08-17 13:25:59.000 UTC,17,12728,124.2253,11145.6,1
0x402047f726d947e38bc3ebd48d7e36f2d66af51a,2026-08-17 13:20:23.000 UTC,17,12767,124.0952,11139.8,1
0x5f96b309206891cc9c428972049beee9038d25e8,2026-08-17 13:07:35.000 UTC,17,12856,123.9318,11132.5,1
0x71f124c46247d4204d4546a22f7567bb9ab881fc,2026-08-17 13:17:11.000 UTC,17,12789,123.9254,11132.2,1
0x4c1b7812446e2cfc26d945527ba3106903cb793c,2026-08-17 12:56:23.000 UTC,16,12934,123.9077,11131.4,1
0x176791e24561c8c7062f93f1d17339063958275e,2026-08-17 13:02:35.000 UTC,17,12891,123.8825,11130.3,1
0xb745154e5220d7ca1768520eeca2d258f49d41c6,2026-08-17 13:29:47.000 UTC,17,12702,123.8445,11128.5,1
0xf5d088dc32d703fcc6b52019da8b7dfc9ad6b87a,2026-08-17 12:47:47.000 UTC,16,12994,123.7029,11122.2,1
0xfd24d0806ba243f6d40b65faaf43e461efcc8570,2026-08-17 13:26:47.000 UTC,17,12723,123.6676,11120.6,1
0xedf40778e2bdff244fc63051a1fbdf3ea2c0837c,2026-08-17 13:38:23.000 UTC,17,12642,123.6388,11119.3,1
0x939e45bba5b6b22466eb3ec90b317637a69efa18,2026-08-17 13:08:47.000 UTC,17,12848,123.5978,11117.5,1
0x0d13106546cc7772796d1feab0bbafe44d18a202,2026-08-17 13:40:59.000 UTC,17,12624,123.589,11117.1,1
0x927c45873aad2fd18ad69a755364f659696db76a,2026-08-17 14:15:47.000 UTC,18,12382,123.5724,11116.3,1
0x24bcef1ed9be2bf69b96e2b4ebb444f72c1a7549,2026-08-17 12:53:59.000 UTC,16,12950,123.543,11115,1
0xeb8a503e9810940c1195b8c20d7e1618165a1fbd,2026-08-17 13:21:23.000 UTC,17,12760,123.5168,11113.8,1
0x08305f750da837148ba3543f9a390f2f663cc3c1,2026-08-17 12:57:35.000 UTC,16,12925,123.4338,11110.1,1
0x9112178ab5998e0defbcc97c77c40ba68e8abba8,2026-08-17 13:59:59.000 UTC,18,12492,123.421,11109.5,1
0xbc434cf2398c2a4764e1c777078a45ffa9fff7b3,2026-08-17 13:28:47.000 UTC,17,12709,123.4044,11108.8,1
0x77e8c69b1195c77d9fb6e66850f05b824bd3d9f1,2026-08-17 14:04:11.000 UTC,18,12463,123.3837,11107.8,1
0x63e89ef306c8440b7ef076a20c288c234da1e6a8,2026-08-17 14:15:23.000 UTC,18,12385,123.3546,11106.5,1
0x1156084ad4fc3ab9e935b0cc93c22bd9cc2d6d28,2026-08-17 12:55:11.000 UTC,16,12942,123.3373,11105.7,1
0x15cd5efbf32ef568c408cb796a00a7c859e92f8a,2026-08-17 13:09:35.000 UTC,17,12842,123.2832,11103.3,1
0xffde911e2aa1a82c718033fe9111ca05cd79c15c,2026-08-17 13:24:59.000 UTC,17,12735,123.2748,11102.9,1
0x2ded819696f68364cc304734efea6ce0f2e3899c,2026-08-17 14:00:59.000 UTC,18,12485,123.227,11100.8,1
0x7e728be8e60493aafb776d14c17a3d9975f140e3,2026-08-17 14:10:35.000 UTC,18,12419,123.1965,11099.4,1
0x096d45e2f7c4591636d41a70f680345015ef0765,2026-08-17 14:16:11.000 UTC,18,12380,123.181,11098.7,1
0xa0a87b3cb7dce095de5fbeb39747d162201705f8,2026-08-17 13:28:23.000 UTC,17,12712,123.1793,11098.6,1
0x7f9273f63021bfa0a417ec4215a24cd4f429f525,2026-08-17 14:05:47.000 UTC,18,12452,123.1503,11097.3,1
0x2135c4c61f3a683e272a5986b5e7ce05597479ee,2026-08-17 13:59:11.000 UTC,18,12498,123.1053,11095.3,1
0x0aecd7da920f73334a0c87b5d288de4657a029ed,2026-08-17 13:27:35.000 UTC,17,12717,123.1006,11095.1,1
0xa71fbae880224132a5a66c5a45b74fe83a39bc43,2026-08-17 13:24:11.000 UTC,17,12741,123.0781,11094.1,1
0xc7111ff0b4def66c9f5c4f5bb65e2f8f7226e32e,2026-08-17 14:01:47.000 UTC,18,12480,123.0528,11092.9,1
0xe0d10feedc305ee9b9ae4a3a5f64f1714e051b8f,2026-08-17 14:30:11.000 UTC,18,12282,122.9428,11088,1
0x42097a1a5a24449fb961adf910be685498b0cd5a,2026-08-17 13:03:35.000 UTC,17,12884,122.9134,11086.6,1
0x3918a3d54e01418e998a97d02535347100172b61,2026-08-17 14:27:23.000 UTC,18,12302,122.897,11085.9,1
0x14d82a1d15c6c8f9a632c9deb570a043cc0f8338,2026-08-17 13:17:35.000 UTC,17,12787,122.8831,11085.3,1
0x5c18145a70a405d5f2b39db00ba914a8e16454fe,2026-08-17 14:09:47.000 UTC,18,12424,122.8734,11084.8,1
0x0615a2fe56ce5e3f803d2eeaa67b9a44b31626e4,2026-08-17 13:01:47.000 UTC,17,12896,122.7699,11080.2,1
0xc5fbd94b98f6ebd0505d97068877cdb852eb206a,2026-08-17 14:23:11.000 UTC,18,12331,122.6935,11076.7,1
0x4788d8ee3d709a61a56f577732e66b1874aa2042,2026-08-17 13:25:23.000 UTC,17,12732,122.6092,11072.9,1
0x2207e451e780a6915d60fca18ae78b4066430453,2026-08-17 14:07:47.000 UTC,18,12438,122.5143,11068.6,1
0x756e358673cd9c5853fd4ca3eb07f24ddf204de3,2026-08-17 13:11:35.000 UTC,17,12828,122.5074,11068.3,1
0xe70dde78f77e3c7d3c46ed8b69a1981ba5390c1f,2026-08-17 13:39:11.000 UTC,17,12637,122.4525,11065.8,1
0xcaeaeb276a66c6f1369589b83ed21915ec40a73d,2026-08-17 14:19:47.000 UTC,18,12355,122.4381,11065.2,1
0x64e38d14483b589ab72eee46b3c4fc2cf37f4398,2026-08-17 13:39:47.000 UTC,17,12632,122.4041,11063.6,1
0xea7573f7b833e494b0167e8f7454d004f7fed95f,2026-08-17 14:34:35.000 UTC,18,12252,122.3975,11063.3,1
0x866903e295d9a49d5f73cfd85bccfe9fccc681d7,2026-08-17 14:06:11.000 UTC,18,12449,122.3737,11062.3,1
0x8503dab918eee539d8a8de1c461cd10b458d7585,2026-08-17 13:15:35.000 UTC,17,12800,122.368,11062,1
0xe0672c543b5b17d9555f5fec2a61d20ae4bcad86,2026-08-17 14:24:59.000 UTC,18,12319,122.3277,11060.2,1
0x730396f162f5022f787edbd50b93bd12c540d288,2026-08-17 14:28:35.000 UTC,18,12294,122.3253,11060.1,1
0x3e5f21fd6cc8a3301f44e780cc40e2b6efe63acd,2026-08-17 13:18:47.000 UTC,17,12778,122.2855,11058.3,1
0x924a34e492441e047d119d38826c20b3e26fc2c8,2026-08-17 13:43:35.000 UTC,17,12606,122.2782,11057.9,1
0xbedaf3f5fd23ebd5ea5790580a86556679e2d385,2026-08-17 13:14:23.000 UTC,17,12809,122.1979,11054.3,1
0xd10493e5f90dd6b99cd0b70d7b2ac4a243e36661,2026-08-17 14:05:23.000 UTC,18,12455,122.1836,11053.7,1
0x6f3b2b9fa13d374f679948a19e53651bf4809059,2026-08-17 14:20:11.000 UTC,18,12352,122.1613,11052.7,1
0x83e5670d907c17e9a3dd20f34eaec50a5f2b7945,2026-08-17 14:29:47.000 UTC,18,12285,122.1129,11050.5,1
0xc8397da13d7cfcd5c8bf9ca67cfd9418e1e3a3fc,2026-08-17 13:37:11.000 UTC,17,12650,122.0725,11048.6,1
0x4cda03517b8415880bba16f7028a29bb648aa9f1,2026-08-17 14:42:59.000 UTC,18,12194,122.0619,11048.2,1
0x7c08b2a2df60576423155acf9e83eee0b23a9608,2026-08-17 13:35:35.000 UTC,17,12662,122.0617,11048.2,1
0xc419e6d55d14146a9f0e762b25baf8b624dba249,2026-08-17 13:15:11.000 UTC,17,12803,122.0126,11045.9,1
0x8fd1a43a4901c1f9c062359c6ce17e671c5ab78a,2026-08-17 13:23:23.000 UTC,17,12746,121.9792,11044.4,1
0x3cbfc1e139a5cd0b141332864535cf39414a17a4,2026-08-17 14:40:59.000 UTC,18,12207,121.9479,11043,1
0x1278a4f06085ebb6f1a44d3db9c16f0134ab07f9,2026-08-17 13:18:23.000 UTC,17,12781,121.9307,11042.2,1
0x40bc497c86ce78d2266144f70d6c8ebb6d234c33,2026-08-17 14:03:47.000 UTC,18,12466,121.9175,11041.6,1
0xea221e36ffdef9f9d489cfdb85b70a002868be34,2026-08-17 14:20:35.000 UTC,18,12349,121.8846,11040.1,1
0x7d738494e9b4d707c80347da74cd3ed94c47b96c,2026-08-17 13:16:23.000 UTC,17,12795,121.8084,11036.7,1
0x57c9ed0d9cbbf4010e2008b43ef40dac9af087d1,2026-08-17 14:47:35.000 UTC,18,12162,121.7416,11033.7,1
0xd3eb0aa0c5caa912d495bb8985ed51838b3c1ae8,2026-08-17 14:43:23.000 UTC,18,12191,121.6662,11030.2,1
0x8a23b51a5fa0478be9c680afcf3ffcbc535bc501,2026-08-17 14:41:47.000 UTC,18,12202,121.6539,11029.7,1
0x2fae5a78f0b437a8f05fd662b377cd20e4474ef6,2026-08-17 14:32:59.000 UTC,18,12263,121.649,11029.5,1
0xcdd3b25e7613faafc8136c3c1a791dc166c9f3ef,2026-08-17 14:19:23.000 UTC,18,12357,121.5929,11026.9,1
0x886a8b91d5ff0667f6efdea562ac77206e0af49a,2026-08-17 14:18:35.000 UTC,18,12363,121.5283,11024,1
0x531b14011852c810c88552af885654e914d61a57,2026-08-17 14:24:11.000 UTC,18,12324,121.5146,11023.4,1
0x79eb30308c982c8dd4b5d565034993a18c101882,2026-08-17 14:03:23.000 UTC,18,12469,121.4481,11020.3,1
0x6da28640ed7ef87bec5ad7a0adb9274beede1c44,2026-08-17 14:30:47.000 UTC,18,12278,121.4294,11019.5,1
0xf8412156720aff39683e32156317c91ff222691e,2026-08-17 14:16:35.000 UTC,18,12377,121.4184,11019,1
0x5763ec8c396125bbd19c878cf169c12e0a24169e,2026-08-17 13:47:23.000 UTC,17,12580,121.397,11018,1
0x8dd2be261d4c875198014dd47c969469638dd1a2,2026-08-17 13:27:11.000 UTC,17,12720,121.3488,11015.8,1
0x1640d39db33af0221c45327d3f4b76f025fecf6c,2026-08-17 14:47:59.000 UTC,18,12159,121.3468,11015.8,1
0x3b3382fdb46a55e401d1f317b1e48973cf1163ee,2026-08-17 13:59:35.000 UTC,18,12495,121.3265,11014.8,1
0x6342a41a4cb954d3df499acd2a21618c6b72f002,2026-08-17 14:01:23.000 UTC,18,12482,121.325,11014.8,1
0x565fa89ec994dfbc2c285af0360cf2c0a1087651,2026-08-17 14:12:35.000 UTC,18,12405,121.3209,11014.6,1
0xd72e4e77755016cbba479c96bd0fee34826f946a,2026-08-17 14:25:23.000 UTC,18,12316,121.1894,11008.6,1
0xd2f5842aedf750efab1582628d1dd0e42990bddd,2026-08-17 14:54:23.000 UTC,18,12114,121.0189,11000.9,1
0x35260d3bb73665183ace4de7b62db6c8bb84a855,2026-08-17 14:31:35.000 UTC,18,12273,121.0118,11000.5,1
0xa898cc14e747428cd2e58b079f0edea9ec0cc5e9,2026-08-17 14:08:11.000 UTC,18,12435,120.9926,10999.7,1
0x4a99f51df40fac93c2b41b307f5cff272dbd9295,2026-08-17 13:33:59.000 UTC,17,12673,120.9004,10995.5,1
0x0f8289114efb7040ba15b4a8d68d672f8d7eb0d3,2026-08-17 14:21:23.000 UTC,18,12344,120.8478,10993.1,1
0xada813374cf44bfe0db9e9b1083220df07297c5e,2026-08-17 13:40:35.000 UTC,17,12627,120.8404,10992.7,1
0x0476952b81d253d8525385e331786750ffc945d0,2026-08-17 14:04:59.000 UTC,18,12457,120.8329,10992.4,1
0x53c225a8cb708da7fbdab75ab29607a016afe2fb,2026-08-17 14:47:11.000 UTC,18,12164,120.7885,10990.4,1
0xbcd224f8605f3e701d50d73c78f006bbd8e96454,2026-08-17 14:52:35.000 UTC,18,12127,120.7849,10990.2,1
0xf9a7a56d6a964245e1a2e7bf41974fe827f56898,2026-08-17 14:37:47.000 UTC,18,12230,120.7101,10986.8,1
0xd78b29b84e286296e02a57ea21cfc22b11a7545f,2026-08-17 14:26:11.000 UTC,18,12310,120.638,10983.5,1
0x8a04c7532cecb8b24485cec42ea402e04c177c67,2026-08-17 13:41:59.000 UTC,17,12617,120.6185,10982.6,1
0x57d8940aa3f4698e5069d55a5ca5c7bb6e12d5a1,2026-08-17 13:47:47.000 UTC,17,12577,120.6134,10982.4,1
0x23454eab8efa18ea4a369548e0d74948bf0b5f54,2026-08-17 13:38:47.000 UTC,17,12639,120.5761,10980.7,1
0x272f64c7dd3202eb0a415b051a78bbe27094818c,2026-08-17 14:25:47.000 UTC,18,12313,120.5443,10979.3,1
0xaedc235da9d4c281bf86ea4d9c2b53f5e01de7a6,2026-08-17 15:03:23.000 UTC,19,12052,120.52,10978.2,1
0xf32f1c3cfcec2f2eec9199d3f904086607f131c2,2026-08-17 14:33:23.000 UTC,18,12260,120.5158,10978,1
0xcad41f5416be8f4d820e618b6f802e1dde85b13e,2026-08-17 14:02:35.000 UTC,18,12474,120.4988,10977.2,1
0x65bc70959bc34bc73fb88de59bf34f3a8c871848,2026-08-17 14:08:59.000 UTC,18,12430,120.3224,10969.2,1
0xe7d12b50d6347f54e2fb42fb54fcef8c3e570b37,2026-08-17 14:59:23.000 UTC,19,12080,120.3168,10968.9,1
0x959c8e2197c2ab769b5f1fcfcae64b2cf4030e43,2026-08-17 14:23:47.000 UTC,18,12327,120.3115,10968.7,1
0x1bd617544d4ed9e44e7ef6a752d79d40eeb74b56,2026-08-17 14:45:23.000 UTC,18,12177,120.3088,10968.5,1
0x07b4f247b6636b97086ed63a3e325232e4407fdf,2026-08-17 14:36:35.000 UTC,18,12238,120.2995,10968.1,1
0xfe19d8461c9ddeebd45513360a18ae3203483662,2026-08-17 14:11:47.000 UTC,18,12410,120.2529,10966,1
0xc1eb3706b424218521c4698e9f4f1b4309f35a9b,2026-08-17 14:31:59.000 UTC,18,12270,120.246,10965.7,1
0xbb9eebd5cb92aeaf26e62c6c35cdef9caa39d488,2026-08-17 15:09:35.000 UTC,19,12009,120.2101,10964,1
0xbdbf8a1dc1819c1bea3b5ce2421caab33934dba2,2026-08-17 15:01:35.000 UTC,19,12064,120.1574,10961.6,1
0xc341890f462bca81d8dfbdc1d11e36bcf87b45eb,2026-08-17 14:10:11.000 UTC,18,12421,120.1111,10959.5,1
0xada7c47c945fafe5086767ac06a804a4414e7530,2026-08-17 14:55:35.000 UTC,18,12106,120.0915,10958.6,1
0x63779e6a186aeeb018b53d0db2dfb44792441a77,2026-08-17 13:48:11.000 UTC,17,12574,120.0817,10958.2,1
0xb1c4b5ae6964d02fb532b9726ae3b5d385036073,2026-08-17 14:17:35.000 UTC,18,12370,119.989,10953.9,1
0xd03da4452bf9478c67a54c56d46678d55a8d9483,2026-08-16 21:33:35.000 UTC,1,19342,119.9204,10950.8,1
0xf1007b507a1106f0bffe2d47bb108a94ee573970,2026-08-17 14:40:35.000 UTC,18,12210,119.9022,10950,1
0x977a824e16b37c695572d48d90f8245bb84ea90a,2026-08-17 14:20:59.000 UTC,18,12346,119.8797,10949,1
0x8038c067d75ef239a06c01cbcc6f11eb26180d19,2026-08-17 15:15:23.000 UTC,19,11969,119.8097,10945.8,1
0x3fe0ff739309fc13dcc23c6b563ba60bb1becce9,2026-08-17 15:13:47.000 UTC,19,11980,119.8,10945.3,1
0x1dbb15081ab358721ab4835ea65bd4ca8ca19b52,2026-08-17 14:09:23.000 UTC,18,12427,119.7963,10945.1,1
0xeea32a74d9572e5049b1f86a73eb4718c47d5926,2026-08-17 14:44:59.000 UTC,18,12180,119.7294,10942.1,1
0xbc2c606fe247b64c6c260185b2bee73aaf34dfc8,2026-08-17 15:02:35.000 UTC,19,12057,119.726,10941.9,1
0x0ab2e7c3f488e162b880fe461639c0bd8ba6414c,2026-08-17 14:28:59.000 UTC,18,12291,119.7143,10941.4,1
0x641ddfece58a7c14b941176f4a053415a8394d89,2026-08-17 14:34:59.000 UTC,18,12249,119.6727,10939.5,1
0x4f64d9b022c1d15f0ecf2f28eb2315bd76e43d34,2026-08-17 15:09:59.000 UTC,19,12006,119.5798,10935.3,1
0xf4dcb85d16c61f7129e76333532f473b2f6088bf,2026-08-17 14:29:23.000 UTC,18,12288,119.5622,10934.5,1
0xd60505193d912f97b94f7404c6cd8fabce34dc07,2026-08-17 14:57:59.000 UTC,18,12089,119.4393,10928.8,1
0xe20095f051f86b9e5fea2810f931918efb500d9c,2026-08-17 15:20:59.000 UTC,19,11930,119.4193,10927.9,1
0xfa0ac9498ac19d986f3d62b446255c8093795cfd,2026-08-17 14:32:35.000 UTC,18,12266,119.2255,10919,1
0xa9190dd8bb3b689c93701d5055561fb93be6bbf3,2026-08-17 14:18:11.000 UTC,18,12366,119.2082,10918.3,1
0x663d5e2f708ffbb38dd4b382fafdc4fe1480de73,2026-08-17 15:17:23.000 UTC,19,11955,119.1914,10917.5,1
0xe65e6c686ee695e2e1752930fe7f9fe9cf3c6c87,2026-08-17 14:44:35.000 UTC,18,12182,119.14,10915.1,1
0x3d556439d1aabe9a6ae07e5c4faef099fe1ae1dd,2026-08-17 14:21:47.000 UTC,18,12341,119.0907,10912.9,1
0x20bbea6deadf18ca647575f8ba6dc1b2d576bf3e,2026-08-17 15:09:11.000 UTC,19,12012,119.0389,10910.5,1
0x690808a10946252db79e1006429fd286b608b2ea,2026-08-17 15:18:11.000 UTC,19,11949,119.012,10909.3,1
0x008af4c26b2e16201aac6001887a9a16145cd018,2026-08-17 14:26:35.000 UTC,18,12307,119.0087,10909.1,1
0xd91672e7b309d9191c581bd2e605b062caaaabb2,2026-08-17 14:26:59.000 UTC,18,12305,118.9894,10908.2,1
0x197a4edfee268eb2d153f77c7c818dfdf50497db,2026-08-17 14:56:23.000 UTC,18,12100,118.943,10906.1,1
0x042720aa6a7e936c3ad63a91d23d14439540e76b,2026-08-17 14:49:23.000 UTC,18,12149,118.9387,10905.9,1
0xbce0dbb01d8d06ecfeff82475b5c51f5e8836270,2026-08-17 15:17:47.000 UTC,19,11952,118.9224,10905.2,1
0x8e042b8a1985de4b39354080a59faedb1331bd84,2026-08-17 14:38:59.000 UTC,18,12221,118.9103,10904.6,1
0x6c5bfdf7cb16d09038fa4b6cf9af6e7ff5f487f2,2026-08-17 14:07:23.000 UTC,18,12441,118.8116,10900.1,1
0x98b98a343d1de27d0e08da0740a4554f92488dca,2026-08-17 15:03:59.000 UTC,19,12048,118.7933,10899.2,1
0x2b087666d05705c3d65375932eb726552b79b8ee,2026-08-17 15:21:35.000 UTC,19,11925,118.773,10898.3,1
0x910a4ebc46a7dcb4911e2b1076eda99b6ef0d2cc,2026-08-17 14:46:35.000 UTC,18,12169,118.7694,10898.1,1
0x2636074bede9d7499bb8fd81a02ea8b7fc10da3d,2026-08-17 14:39:47.000 UTC,18,12216,118.7395,10896.8,1
0xde0204108d299fe953edc3abf634c06b9ff81d01,2026-08-17 15:04:47.000 UTC,19,12042,118.7341,10896.5,1
0x6c69376f2017a2f6e90b98ef88260a150aa48e43,2026-08-17 14:43:47.000 UTC,18,12188,118.7111,10895.5,1
0x211910e89635573d40707347e55980198615085e,2026-08-17 14:42:11.000 UTC,18,12199,118.6963,10894.8,1
0x00894291491077a1f9793e0c3d7f01f66187e2d3,2026-08-17 06:08:47.000 UTC,10,15764,118.6555,10892.9,2
0x4d0f40bdf677341a1e1278c9dac41292132fb4aa,2026-08-17 15:21:59.000 UTC,19,11923,118.6339,10891.9,1
0x77f5207114b7792e5cc69f3ad283cc8ee5a8674a,2026-08-17 15:06:47.000 UTC,19,12028,118.5961,10890.2,1
0xc6459125fc216d3b0493f6fa118cfc509e75fa21,2026-08-17 15:24:23.000 UTC,19,11906,118.5838,10889.6,1
0x6a44da75bb735e36714af5338cede47b6fc01ce8,2026-08-17 14:20:35.000 UTC,18,12349,118.5652,10888.8,1
0x18fd23524c28e4df0257f0e5fc9b87da61385393,2026-08-17 14:50:23.000 UTC,18,12142,118.5059,10886,1
0x4ddde781583fc45f1c3497f70424f57cb623f61e,2026-08-17 15:06:23.000 UTC,19,12031,118.5054,10886,1
0xc6b68a7566df24b105d8eeb01d9eead4b047ffd2,2026-08-17 14:53:59.000 UTC,18,12117,118.5043,10886,1
0xe46c4e00748958cf8040371adcdc4bc452561f17,2026-08-17 14:08:35.000 UTC,18,12432,118.477,10884.7,1
0x2be20fb93cb2bce60e9bf59b93ed99529ed7988c,2026-08-17 14:36:59.000 UTC,18,12235,118.4348,10882.8,1
0x01c1efddd24edcd5ac3b95ea55ada829999aa7d9,2026-08-17 14:37:23.000 UTC,18,12232,118.4058,10881.4,1
0xfb2452f0dcd3cb5388f3dd17b6bd31c60c9ac186,2026-08-17 14:55:59.000 UTC,18,12103,118.3673,10879.7,1
0xee56e8f5cd5adbd36df203e8b9d33d17a0146ea6,2026-08-17 14:45:47.000 UTC,18,12174,118.3313,10878,1
0x634db1ca27ebf71525c370dfea2e688b2ca88d65,2026-08-17 15:10:47.000 UTC,19,12000,118.2,10872,1
0xcaed7fa119cf11064978c891bcf5b9a706f704ae,2026-08-17 14:39:23.000 UTC,18,12219,118.1577,10870,1
0x5a9cd233499c8f0ced8f8baa7c373c2db8f5c4bc,2026-08-17 14:34:11.000 UTC,18,12255,118.1382,10869.1,1
0xd043cd9a2c265ffae79b8d6ee4dc335946c24189,2026-08-17 14:12:11.000 UTC,18,12407,118.1146,10868.1,1
0x53a3f0cf07aaee2a1849e9e0905a6ab30da1dd43,2026-08-17 15:18:35.000 UTC,19,11946,118.0265,10864,1
0x74ca89edb9436ae3f62fcbf3c80c9f0e0c01746f,2026-08-17 14:59:59.000 UTC,19,12075,117.9728,10861.5,1
0xbc87ca75ee832c4d6894790958ba8c9d3b48beb6,2026-08-16 20:47:47.000 UTC,0,19660,117.96,10860.9,1
0xcbf2d48634461fbcd342d2ed1f7d78a37254bf6b,2026-08-17 14:56:47.000 UTC,18,12098,117.9555,10860.7,1
0x454dfa08059be8e099b5abd4eae322aa5446a103,2026-08-16 20:48:23.000 UTC,0,19656,117.936,10859.8,1
0xac0b17cb215403425600b24a0e354384f2682d32,2026-08-16 20:48:59.000 UTC,0,19652,117.912,10858.7,1
0x4c079324226b7dc4b9a61b98b254b05810fae1cd,2026-08-17 15:16:59.000 UTC,19,11957,117.896,10858,1
0x9e6d507bbe988cf6b04f761ebdd56a13486a3554,2026-08-16 20:50:11.000 UTC,0,19644,117.864,10856.5,1
0x7f78c53cfbb7c43627f3f9e1cec119e9bafc62c6,2026-08-16 20:50:47.000 UTC,0,19639,117.834,10855.1,1
0x1ef9145b9f2d396e3d08b647d9fe158905543eff,2026-08-17 14:35:47.000 UTC,18,12244,117.7873,10853,1
0xf0f9d2d136e414ab6e73175d67fe73e87351ca4e,2026-08-16 20:51:59.000 UTC,0,19631,117.786,10852.9,1
0x298769d0c4c2257e21b12652afcb495e2e239157,2026-08-17 14:41:23.000 UTC,18,12205,117.7782,10852.6,1
0x9624155ef10797206224eea2256849dc3c468554,2026-08-16 20:52:35.000 UTC,0,19627,117.762,10851.8,1
0x392a66191156b087ec8c185b1fbb21e9b6d963e4,2026-08-16 20:52:59.000 UTC,0,19624,117.744,10851,1
0x9d20ba0c32e83a412960b53b2b55957aad3664da,2026-08-16 20:53:23.000 UTC,0,19621,117.726,10850.2,1
0x8077ff2c8ff8497f03bd39fe49747b6722cf9cdd,2026-08-17 15:16:11.000 UTC,19,11963,117.7159,10849.7,1
0x0347ae31f07854219ae2e4320b1280924fdf5416,2026-08-17 14:49:47.000 UTC,18,12146,117.6947,10848.7,1
0x4958d47ee570bc4c1f21ee331dc8af74577c5d60,2026-08-17 15:16:35.000 UTC,19,11960,117.6864,10848.3,1
0xab6953f7bdf2a2f97ceba479adf97e684fba11bf,2026-08-17 15:20:11.000 UTC,19,11935,117.6791,10848,1
0x45aa66b8c9cf0a0908ea85242038c6eaf973bf93,2026-08-17 15:18:59.000 UTC,19,11944,117.6484,10846.6,1
0x83573137c9486feb3f2426a0d1a29f2300c1907d,2026-08-17 14:48:59.000 UTC,18,12152,117.6314,10845.8,1
0x8167d96e68beb2192bacc3d61be91bc728a1b60a,2026-08-17 14:31:11.000 UTC,18,12275,117.5945,10844.1,1
0x29cc4a211c82d3764a3c068d984547eb9fedf3a2,2026-08-17 15:43:47.000 UTC,19,11771,117.5923,10844,1
0xd84b7c4d78bb6bd80828144b1e136fc3fe0705a1,2026-08-17 15:25:11.000 UTC,19,11900,117.572,10843.1,1
0xc56dd549e3a2aa4f783d82eee0695ec316dc0ae5,2026-08-17 14:35:23.000 UTC,18,12246,117.5616,10842.6,1
0xb8677ea52896a499e9aaac03e2ef4d2ed8c9d350,2026-08-17 14:22:47.000 UTC,18,12334,117.543,10841.7,1
0x5ea3ed92ff0f9004a745dd72edecec4f105b91de,2026-08-17 15:27:59.000 UTC,19,11881,117.5031,10839.9,1
0xc7dd4ad497bc3071585b46bfc07957dc3407c1b4,2026-08-17 15:38:47.000 UTC,19,11806,117.4697,10838.3,1
0x85fe4a46dea07f17747a58baea4d959bbe8632f3,2026-08-17 15:14:35.000 UTC,19,11974,117.4649,10838.1,1
0x1f3f2142541af93756c84b5f398051119d291d76,2026-08-17 15:26:47.000 UTC,19,11889,117.4633,10838,1
0xc2046a098f611c75d9b0cbf217e25073f7e8b5bb,2026-08-17 15:23:35.000 UTC,19,11912,117.4523,10837.5,1
0x45398099453167f0e2e861bc28063029f343670d,2026-08-17 15:39:11.000 UTC,19,11803,117.4399,10837,1
0x0e0960dadcc62c8c300ac950763a1ef538f1ce69,2026-08-17 15:25:35.000 UTC,19,11898,117.3143,10831.2,1
0xa4a9cfa947251cab5a9c9a5826667d7619589db0,2026-08-17 14:50:47.000 UTC,18,12139,117.2627,10828.8,1
0x80b7faf81f20058f7751125693ad2b92e7682bf1,2026-08-17 14:42:35.000 UTC,18,12196,117.2036,10826.1,1
0xa2bb36387063b72b6b19d869b1f23059ec243194,2026-08-17 14:57:11.000 UTC,18,12095,117.2006,10825.9,1
0x2933c324c8fb1d052ce32471e7e376ad9e579171,2026-08-17 15:15:47.000 UTC,19,11966,117.1471,10823.5,1
0x8814505333083fc716ddf0012293fad712cd4440,2026-08-17 14:36:11.000 UTC,18,12241,117.1464,10823.4,1
0xbd7ed6ddb087312992c5edb528843b642dc59df8,2026-08-17 14:40:11.000 UTC,18,12213,117.1227,10822.3,1
0xd4c3b4d38873aa6816511c54e64a96ca7d9649bf,2026-08-17 14:51:47.000 UTC,18,12132,117.0738,10820.1,1
0xff155759bd7a6a00083052c6174a8c7526fea6bb,2026-08-17 15:28:23.000 UTC,19,11878,116.9983,10816.6,1
0xe863e6f86e4fbe29896cf44a406f53fd2d076e78,2026-08-17 15:44:11.000 UTC,19,11769,116.9839,10815.9,1
0x16ee3e2a011c24dfb5798058484add56b6b70818,2026-08-17 15:23:59.000 UTC,19,11909,116.9464,10814.2,1
0x05f4e6f9da9ce09290bb32d5349b190e6861de2d,2026-08-17 15:36:59.000 UTC,19,11819,116.8899,10811.6,1
0x79b3449afe46767ad588f9d204b8621c9770bddf,2026-08-17 15:32:23.000 UTC,19,11850,116.841,10809.3,1
0x4ca4a25333a49ac5b7cf2e07113416dd5c1550d8,2026-08-17 15:34:59.000 UTC,19,11832,116.7818,10806.6,1
0xe3d230b6fdae0f0b23a49bd54e3a7c72d429433d,2026-08-17 15:07:35.000 UTC,19,12023,116.7433,10804.8,1
0x15380ef80f005231ef6ca3fe2d5045529e283eae,2026-08-17 14:38:11.000 UTC,18,12227,116.6456,10800.3,1
0x71671e2524477c4e628a9e54e957fc6a09a5d6e1,2026-08-17 15:42:11.000 UTC,19,11782,116.6418,10800.1,1
0x79721a4902433876435be66f86f75f1ce456dac4,2026-08-17 05:51:59.000 UTC,9,15881,116.561,10796.3,2
0xcdf75fba5e3dcd7ca22394aae86715361a09c991,2026-08-17 15:02:11.000 UTC,19,12060,116.4996,10793.5,1
0x043d3618fc59184d0af36271624c048507a06a0f,2026-08-17 14:46:11.000 UTC,18,12171,116.4765,10792.4,1
0xabd8d01dff51de68c31e8e7ffd02a5d110ce7125,2026-08-17 15:36:35.000 UTC,19,11821,116.4369,10790.6,1
0x799c6aa256fd262e7b3de683630f3cbd4dac90af,2026-08-17 15:41:47.000 UTC,19,11785,116.4358,10790.5,1
0x7508771d6a45723a15b5da36b0daa9d95476cd58,2026-08-17 14:58:23.000 UTC,18,12087,116.3978,10788.8,1
0x22cfcf1b81b90be306b6ef8737a25d0f941a4cab,2026-08-17 14:58:59.000 UTC,19,12082,116.3497,10786.5,1
0xf3548085afcc5d712b84c54332cbb67d41891c8b,2026-08-17 15:32:47.000 UTC,19,11848,116.3474,10786.4,1
0xd2ff3f78a43829b67a31bac0f88bf488e93db3a7,2026-08-17 15:19:23.000 UTC,19,11941,116.3053,10784.5,1
0xc4cddff7bb5d48e0dd7831affc2c7c4b86c7c30c,2026-08-17 15:01:11.000 UTC,19,12067,116.2052,10779.9,1
0xf94a26c166e73eed6542da47a7edd8931c520bc5,2026-08-17 15:37:23.000 UTC,19,11816,116.1513,10777.4,1
0x2db1e6510d0835b336b42bdadd2c563b7f553ed0,2026-08-17 14:44:11.000 UTC,18,12185,116.1231,10776,1
0x6b846de7a86518f404d142f4650b857840ca06cc,2026-08-17 12:10:23.000 UTC,16,13253,116.1083,10775.4,5
0x6c142e0f84f9e12e35a5b63c729eeebb188434bf,2026-08-17 15:34:35.000 UTC,19,11835,116.1014,10775,1
0x42d635b2a07c3d1dd67c9b2efa0f02dcdd1498b1,2026-08-17 14:51:11.000 UTC,18,12137,115.9084,10766.1,1
0x4f1ac224acb544f473eb4c7c5eddd4479310dafe,2026-08-17 15:14:59.000 UTC,19,11971,115.8793,10764.7,1
0x56983dae1d6464de1d909ce8095064ca63f33c20,2026-08-17 14:53:23.000 UTC,18,12121,115.7556,10759,1
0x9380753589f1f900bfb729435dfa1da3cd79a9ad,2026-08-17 14:48:23.000 UTC,18,12156,115.7251,10757.6,1
0xb53ed172269a3ef889635d744a4431209643fc82,2026-08-17 15:05:11.000 UTC,19,12039,115.6948,10756.2,1
0x91d64170b37ca692d1a81aa75e5aeb629f946885,2026-08-17 15:05:35.000 UTC,19,12037,115.6756,10755.3,1
0x57afdde1e5d9d92aead42ef92cf4d939e5fc1613,2026-08-17 15:27:11.000 UTC,19,11887,115.6605,10754.6,1
0x82c4199c006bb2805f3e8ff6f5f1d2aec70aa9a8,2026-08-17 14:57:35.000 UTC,18,12092,115.5995,10751.7,1
0x81b1a5a0eee81b06614262bc7565981ed0af9f7c,2026-08-17 15:28:47.000 UTC,19,11875,115.5438,10749.1,1
0xff7f877fbc14a277e134122285c3d84be5ac2a0b,2026-08-17 14:55:11.000 UTC,18,12109,115.5199,10748,1
0x26b1776ec135095fc077356786e2004b21e46fcc,2026-08-17 15:23:11.000 UTC,19,11914,115.4467,10744.6,1
0x5550a39ecf6a3c7bb02ae29c75c13cae1d5e6251,2026-08-17 15:19:47.000 UTC,19,11938,115.4405,10744.3,1
0xf9c3a5b6f7379cfc869c7e2da3589c27d9bc6fce,2026-08-17 15:34:11.000 UTC,19,11838,115.4205,10743.4,1
0xa32f7e0f46a07d4d9f7d168455120d746e2f8721,2026-08-17 15:14:11.000 UTC,19,11977,115.3385,10739.6,1
0x39b2ef99b950249692ce0df18865be609efec5a3,2026-08-17 15:20:35.000 UTC,19,11932,115.2631,10736.1,1
0x05633a39dc815b8b460b020a5a601d048808ab98,2026-08-17 15:00:47.000 UTC,19,12070,115.1478,10730.7,1
0x3629fef4ffcaec664ceecc97b86521a90adde89e,2026-08-17 15:13:23.000 UTC,19,11982,115.147,10730.7,1
0xb4e17b37122ecc03385ae090c5040fea8555e471,2026-08-16 21:59:35.000 UTC,2,19162,114.972,10722.5,1
0xc0bf0ef79e4127e0451d46f3498e587a815081e7,2026-08-17 15:41:23.000 UTC,19,11788,114.933,10720.7,1
0x0022a95a34c0de03b2ffaced0462372197af9e59,2026-08-17 06:03:23.000 UTC,10,15802,114.9002,10719.2,2
0x79209fd9974e4cfbd07549df3d8fdad1dfb5596f,2026-08-17 15:31:47.000 UTC,19,11855,114.875,10718,1
0x38af25a2cc17701556ea6584c415b6ad533e20cf,2026-08-17 15:24:47.000 UTC,19,11903,114.7449,10711.9,1
0x8d3b99589a0aed97f350d6c0da9857ea07e0a7eb,2026-08-17 15:04:23.000 UTC,19,12045,114.6684,10708.3,1
0xeac0d2a026f6cab4eb50c755b6cfd03be77ad299,2026-08-17 15:22:35.000 UTC,19,11919,114.6608,10708,1
0x161d9dab307b7164c41e1902a1a435e111773efb,2026-08-17 15:07:11.000 UTC,19,12025,114.5983,10705.1,1
0xd7c874b46f491bca09baccb3408d0ac4c84ae635,2026-08-17 15:43:11.000 UTC,19,11775,114.5708,10703.8,1
0x86e01a58234fc7b690a5a856d747b5c90622955c,2026-08-17 15:40:11.000 UTC,19,11796,114.5392,10702.3,1
0xa039ab0230b5b0ea1d0318e577e1aed017396e33,2026-08-17 15:31:11.000 UTC,19,11859,114.4394,10697.6,1
0xb981dfc82cbadc8b1e2f81a2c432d993c56976cc,2026-08-17 15:33:47.000 UTC,19,11841,114.2657,10689.5,1
0xa7eeb6276e4d0ffef049c1482931a5d72ec367e3,2026-08-17 15:30:47.000 UTC,19,11862,114.2311,10687.9,1
0xd5173ab2c72eedfd28c0fd31d2c5c4b876c5abdf,2026-08-17 15:12:59.000 UTC,19,11985,114.217,10687.2,1
0x8874235791e51a2b23832a358a6bc07a9b15c213,2026-08-17 15:37:47.000 UTC,19,11813,114.1136,10682.4,1
0x5ac5856a705755b7719905c08d76b952306bdc96,2026-08-17 15:39:47.000 UTC,19,11799,114.0963,10681.6,1
0x9975f085d45f5cd05646ad7b3c0ffeb8e8bfb41b,2026-08-17 15:38:23.000 UTC,19,11809,113.8388,10669.5,1
0x1d9de3a9459f38236d41f4fc420595813d5a414d,2026-08-17 15:25:59.000 UTC,19,11895,113.8352,10669.4,1
0x76a2b6ca1338bae83cfba431eb116053c9cf984b,2026-08-17 15:26:23.000 UTC,19,11892,113.8064,10668,1
0x774e2e0fe6336e650b43d96a93217d89a7ae826a,2026-08-17 15:35:23.000 UTC,19,11830,113.6863,10662.4,1
0xa2863ba9fec85fb7c3dd9bd74110807e9ce26a6e,2026-08-17 15:42:47.000 UTC,19,11778,113.6577,10661,1
0x7403248c7b4d381cd4e4d54a5bd86488b6bfb55f,2026-08-17 15:29:59.000 UTC,19,11867,113.4485,10651.2,1
0x706bcd895f3bb3b501bfa34c96ef324921e8261a,2026-08-17 15:40:35.000 UTC,19,11794,113.3403,10646.1,1
0xc03d325fb7b6d5dd4e9355bcb9ebe5fcebd9f239,2026-08-17 15:35:47.000 UTC,19,11827,113.1844,10638.8,1
0xcd4e0cc815fcdf95d4466be4210046f25f85fcc4,2026-08-17 15:27:35.000 UTC,19,11884,113.1357,10636.5,1
0xc3cd7a37a478a71a6c4b1f45938d94b87957219c,2026-08-17 15:36:11.000 UTC,19,11824,112.801,10620.8,1
0x1a241ad88d87a5d1b162d8311a6210dabc3ff6c2,2026-08-17 15:51:23.000 UTC,19,11719,112.7461,10618.2,2
0x64bea2289a1e1bff127f8d24ab01aef7aa363644,2026-08-17 15:40:59.000 UTC,19,11791,112.604,10611.5,1
0x0be1a2ce4aa39a284acdacbaa9f617a17877e57e,2026-08-17 15:44:35.000 UTC,19,11766,112.483,10605.8,1
0xf116c9d5516e526f51cac1163902c8400f678fc3,2026-08-17 15:33:23.000 UTC,19,11844,112.1952,10592.2,2
0xa03d34223f8ea1172dae78f98fcbdff2b2a722d4,2026-08-17 16:52:35.000 UTC,20,11294,108.742,10427.9,2
0x12b08a11afe175150704f7acb4ec92e608b671a0,2026-08-17 16:33:23.000 UTC,20,11427,108.1948,10401.7,2
0xfcb4734e75f1c1883b88fc9c558de8b816ce69ee,2026-08-17 16:14:11.000 UTC,20,11560,108.1735,10400.7,2
0x77251af7305400b32b6bb2fced473d2a575afef2,2026-08-17 17:19:23.000 UTC,21,11107,107.7282,10379.2,2
0xfb0d8b94027c5109ae89c5f08b025cc598cf6f49,2026-08-16 20:16:23.000 UTC,0,19878,103.6578,10181.2,3
0xeea51b104df6c7c770dfc8e86873b797e87bedab,2026-08-17 18:32:35.000 UTC,22,10599,102.6753,10132.9,2
0x40cd76e5769d7679716fb9c702175d4460165213,2026-08-17 17:59:47.000 UTC,22,10827,101.322,10065.9,2
