contributor,first_deposit_time,first_hour,max_single_deposit_eth,final_weight_eth,approx_points,deposit_count
0xe781b28e02ed5fc4b989905cb6848d318f4735fd,2026-08-17 16:37:23.000 UTC,20,4040,1139.9,33762.4,1
0x1aa780bb10425b86bcf05ecbb7953f9a93729ed9,2026-08-17 11:03:35.000 UTC,15,806.1,1105.7274,33252.5,1
0x2fe4093c894749e596f458764c377bf4f1337b58,2026-08-17 02:20:11.000 UTC,6,786,1363.3962,36924.2,2
0x383f42b5de515c564641f65f5da3bd8b4a35b4b4,2026-08-17 00:24:59.000 UTC,4,620,1125.424,33547.3,1
0x9fa60c355816a28ffb76d77c30b06952f413b1df,2026-08-18 06:32:11.000 UTC,34,501,501,22383,1
0x75d51517b90cc5c8873c631ddc177a1bfd96b074,2026-08-16 21:25:47.000 UTC,1,490.9,951.9288,30853.3,12
0x5d13fd37e8758030a6a10857c0cb699b2bff7a83,2026-08-16 21:33:11.000 UTC,1,490,947.905,30788.1,1
0x2d3fd4eb27e1ff622eb699c1b10cc7663be70ab5,2026-08-16 21:43:59.000 UTC,1,490,944.23,30728.3,1
0x381fe486d87c7f2633c777f1b5be3105a2a51744,2026-08-16 20:46:47.000 UTC,0,461.1,902.1074,30035.1,2
0x000461a73d3985eef4923655782aa5d0de75c111,2026-08-16 21:30:59.000 UTC,1,317.1,613.9054,24777.1,2
0x193e75b60a4ca8bc842dc28604afc6c41afe972a,2026-08-16 21:29:35.000 UTC,1,271,522.6394,22861.3,2
0xd891769ecec9dc911441a15b1a090cc9af1d9eee,2026-08-17 17:51:47.000 UTC,21,217.5,236.0542,15364.1,2
0x9572cbe40ff2ed3dd1a4c0fa1c4a89bae0decccb,2026-08-17 17:37:47.000 UTC,21,205,225.09,15003,1
0x62ee30f8a0357d2196450cc2b0d6441f8a92d981,2026-08-18 07:17:59.000 UTC,35,200,200,14142.1,1
0xd8222670b20761708d32a6a9b5e2f3a266d9673d,2026-08-16 21:09:23.000 UTC,1,193,338.5654,18400.1,2
0x6c59ee4552f44dd93841a2b39304c3ed7e1935b4,2026-08-17 16:56:11.000 UTC,20,171.99,193.8155,13921.8,1
0x225c94b665f915ef85e6fd7f6fb2ff514daa6733,2026-08-17 16:57:59.000 UTC,20,171.99,193.5919,13913.7,1
0x4fb24fb1cdf7a990fa8df38f78c1d49f1f74bea3,2026-08-17 16:53:59.000 UTC,20,171.99,194.0735,13931,1
0x626a4912f9671ecb7ff42c85f0392fd437875d51,2026-08-17 16:52:59.000 UTC,20,171.99,194.1939,13935.3,1
0xcecc592a6c188f3b59ea0fc06f4f4fbb42e637d8,2026-08-17 16:56:47.000 UTC,20,171.99,193.7295,13918.7,1
0xd15031d0942634ccac10274e68945a23d2720922,2026-08-17 16:51:47.000 UTC,20,171.99,194.3315,13940.3,1
0x3e89d442c94c8760029bc952ec2068194a4fa7cb,2026-08-17 16:54:47.000 UTC,20,171.99,193.9703,13927.3,1
0x1b6020630c59b1ca6f2391c102f8614a2380ebd1,2026-08-17 16:57:23.000 UTC,20,171.99,193.6607,13916.2,1
0x918f37cf78dbeedcd5c7bdb2dbbe122980ac11b6,2026-08-17 16:59:35.000 UTC,21,171.99,193.4028,13906.9,1
0x85a8fa8eae4d5ce10cc287da19030a87174491aa,2026-08-17 16:58:35.000 UTC,20,171.99,193.5231,13911.3,1
0xbb24cda09cb5a838ec93bae56278dc799f34feb4,2026-08-16 20:32:35.000 UTC,0,170,333.596,18264.6,3
0x85e3f17c84e239cec91e42ab3df021db45febf17,2026-08-17 11:47:47.000 UTC,15,169,224.6557,14988.5,4
0xd3474bd2f558b12e83810ec7d8af14f2d1d08137,2026-08-17 08:53:47.000 UTC,12,140,204.3325,14294.5,4
0xad468e8336182e2cec7022f3434f91227c33a723,2026-08-16 23:27:11.000 UTC,3,138,256.0314,16001,1
0x82c4426b73929c9b2a373b3a902ae7471abf0914,2026-08-16 21:33:35.000 UTC,1,136,261.1408,16159.9,8
0x7f2fc61aab7ae63eb8192bb7ec36709917707f7a,2026-08-16 21:41:23.000 UTC,1,126,243.0288,15589.4,1
0x2bdf1a698d39a4358e2c162deacc038fadb8a9d5,2026-08-16 21:58:23.000 UTC,1,125,239.625,15479.8,1
0x0ce4aded6a6e4f7dc5c5faa14f9d5b81d69bfed5,2026-08-17 19:15:35.000 UTC,23,114,117.3516,10832.9,2
0x63734ccbcb20670d4fa4cd3ad8248902b11dfd96,2026-08-17 20:22:47.000 UTC,24,111,111,10535.7,2
0x5439a236a706a64c965c0aeb735f829d7d188d4d,2026-08-17 03:34:35.000 UTC,7,109.54,183.2666,13537.6,3
0x827a41635ab8be0ad6bae79fd8faf8926b066f18,2026-08-18 06:10:59.000 UTC,34,107,107,10344.1,14
0x28a4bc4b459170c9cf336111341d040c2a26c838,2026-08-17 19:32:11.000 UTC,23,107,108.8619,10433.7,2
0x8a20d538aa75aa20993cf78df8ab5e5b633eca13,2026-08-17 20:38:59.000 UTC,24,106,106,10295.6,2
0x9028a9dbdbe767f9a1e45632f92196be523f697c,2026-08-17 20:05:35.000 UTC,24,104,104,10198,2
0x4a20234e65a28b5e5878437c2d230839b865711d,2026-08-17 14:10:59.000 UTC,18,100.1,124.2842,11148.3,1
0xacb0fc66018ce18d8e44f74ed5da80a4cf7b3278,2026-08-17 12:59:59.000 UTC,17,100.1,129.2191,11367.5,1
0x0dc5f1fee19078cb368340037f3b487bdc289864,2026-08-17 13:14:47.000 UTC,17,100.1,128.1881,11322,1
0x8038c067d75ef239a06c01cbcc6f11eb26180d19,2026-08-17 15:15:23.000 UTC,19,100.1,119.8097,10945.8,1
0x10a16ff9b7604f85b56a01a2d5a04a91292b00a7,2026-08-17 11:38:23.000 UTC,15,100.1,132.2338,11499.3,2
0xbb9eebd5cb92aeaf26e62c6c35cdef9caa39d488,2026-08-17 15:09:35.000 UTC,19,100.1,120.2101,10964,1
0x54a91f42535a7eabf2aa460734f5dee8ecb36ab9,2026-08-17 13:02:11.000 UTC,17,100.1,129.0689,11360.9,1
0x0e9b7115f97a827d2d490a5486d52484defdf3a7,2026-08-17 13:06:47.000 UTC,17,100.1,128.7486,11346.7,1
0xb04bc9605187612b4df937a4a58a67463610c866,2026-08-17 12:51:35.000 UTC,16,100.1,129.7997,11393,1
0x57c9ed0d9cbbf4010e2008b43ef40dac9af087d1,2026-08-17 14:47:35.000 UTC,18,100.1,121.7416,11033.7,1
0xe20095f051f86b9e5fea2810f931918efb500d9c,2026-08-17 15:20:59.000 UTC,19,100.1,119.4193,10927.9,1
0xe0d10feedc305ee9b9ae4a3a5f64f1714e051b8f,2026-08-17 14:30:11.000 UTC,18,100.1,122.9428,11088,1
0x23c05bb0d5ec731a2224558d13e1fe0e66d39906,2026-08-17 12:46:11.000 UTC,16,100.1,130.1801,11409.6,1
0x533a98f79609632b1ab23a7610836f019a7a133e,2026-08-17 12:58:35.000 UTC,16,100.1,129.3192,11371.9,1
0x4cda03517b8415880bba16f7028a29bb648aa9f1,2026-08-17 14:42:59.000 UTC,18,100.1,122.0619,11048.2,1
0x3fe0ff739309fc13dcc23c6b563ba60bb1becce9,2026-08-17 15:13:47.000 UTC,19,100,119.8,10945.3,1
0x627bb88b7a458d4f74dad1f12726502b47a57641,2026-08-17 11:45:35.000 UTC,15,100,131.8908,11484.4,2
0xea206a51c4dfb41d483de457c4bc93b10716c72c,2026-08-17 07:06:11.000 UTC,11,100,153.362,12383.9,5
0xaedc235da9d4c281bf86ea4d9c2b53f5e01de7a6,2026-08-17 15:03:23.000 UTC,19,100,120.52,10978.2,1
0x0c242204b795d89fb8274d668a79b1f35ad07909,2026-08-17 14:00:23.000 UTC,18,100,124.89,11175.4,1
0x6acecb929434c8ce8d71624250a68452f050d686,2026-08-17 13:34:59.000 UTC,17,100,126.66,11254.3,1
0xd4b4cab5cf150f46448a8b312cf4d96521953c5f,2026-08-16 21:41:23.000 UTC,1,100,192.0583,13858.5,2
0x58561d96789d9ce58981962b1adacda755b17050,2026-08-17 13:15:59.000 UTC,17,100,127.98,11312.8,1
0x4b3fd3cfc9c37d25c1befeb67a24b7e12ca316dc,2026-08-17 13:22:35.000 UTC,17,100,127.52,11292.5,1
0x00894291491077a1f9793e0c3d7f01f66187e2d3,2026-08-17 06:08:47.000 UTC,10,87.1,118.6555,10892.9,2
0x881b7d4b63f7ec820eca7925c2cb7e98af091161,2026-08-17 04:18:35.000 UTC,8,85.15,125.5125,11203.2,2
0x0022a95a34c0de03b2ffaced0462372197af9e59,2026-08-17 06:03:23.000 UTC,10,85,114.9002,10719.2,2
0x79721a4902433876435be66f86f75f1ce456dac4,2026-08-17 05:51:59.000 UTC,9,79,116.561,10796.3,2
0xe28601398a5448d1147e6e8b0e0c6d686f0d216d,2026-08-16 22:27:59.000 UTC,2,71.7,134.8079,11610.7,8
0xf72d3c9f7100454b248b6976921963816600333d,2026-08-16 23:10:47.000 UTC,3,70,130.669,11431.1,1
0xec34ea3a762b9a8feb69448dbfedac3e624e8c5c,2026-08-16 22:43:35.000 UTC,2,70,131.992,11488.8,1
0x4337abcc609b2a278fff4314830d271b3dbbfab4,2026-08-16 23:22:59.000 UTC,3,70,130.074,11405,1
0x505a05e9caa90d7300c7cf06dc02dde09c6481e5,2026-08-16 23:33:59.000 UTC,3,70,129.542,11381.7,1
0xa7a6c1915d095756d4cc0e21996b075adc9d466a,2026-08-16 23:38:11.000 UTC,3,70,129.339,11372.7,1
0xab052768ac9a632a79ec947fae2965b0aee8a319,2026-08-16 23:13:23.000 UTC,3,70,130.543,11425.5,1
0xeb08c7c00765e5bd51919c3d6bc8094ae6a80ac7,2026-08-16 22:39:47.000 UTC,2,70,132.174,11496.7,1
0x382104726caab17096599b7e1e6316495d820ac1,2026-08-16 23:18:23.000 UTC,3,70,130.298,11414.8,1
0x6caa4c53cbe612dbc00b887a6e84b0e8bc771830,2026-08-16 22:58:59.000 UTC,3,70,131.243,11456.1,1
0xee768fbd287a5e7e40c46cf01dc6c4848bc21d6f,2026-08-16 22:48:59.000 UTC,2,70,131.733,11477.5,1
0x266ce43dc53fa0128d1367e9d70867d1b52ed3d3,2026-08-16 23:08:35.000 UTC,3,70,130.774,11435.6,1
0x7d19ff4f15e11dbe8179a40b7b725d7a22af01d2,2026-08-16 22:34:11.000 UTC,2,70,132.447,11508.6,1
0xd03c069c493f0ad009ad54985d9f9f904cc7613e,2026-08-16 23:19:11.000 UTC,3,70,130.263,11413.3,1
0xe66ed27ca8fc7ce2d5b7e93469d1ce54a652135f,2026-08-16 22:41:23.000 UTC,2,70,132.097,11493.3,1
0x0180e6b83cbee7646e75e3477022857da46ff1da,2026-08-16 23:11:35.000 UTC,3,70,130.634,11429.5,1
0x61d345347acae0b8fe185ca6ec01857da8c23b7e,2026-08-16 22:36:47.000 UTC,2,70,132.321,11503.1,1
0x8e04ebc67e5078f8fde2cd0b4b3fbfa703fea036,2026-08-16 23:09:11.000 UTC,3,70,130.746,11434.4,1
0x81aeb69b3cc97c8cd917770590ac7f9ba761565f,2026-08-16 23:40:35.000 UTC,3,70,129.22,11367.5,1
0x743ee1f4f2412e9237f5c58cdd74693f1e027558,2026-08-16 23:32:35.000 UTC,3,70,129.612,11384.7,1
0x7e788209df79c476d97a309324a9bf95bcd72e97,2026-08-16 23:21:35.000 UTC,3,70,130.144,11408.1,1
0x72f02154b3cd7326db767868dc06e4cede699706,2026-08-16 22:30:35.000 UTC,2,70,132.622,11516.2,1
0x3730ce983bcde8a76c00e5fafea7b2f89feb10b0,2026-08-16 23:24:11.000 UTC,3,70,130.018,11402.5,1
0x96bc7b727ab1fb13f6368440ed34f2e1883bdf6d,2026-08-16 23:36:59.000 UTC,3,70,129.395,11375.2,1
0x851a227399bb7a64e9999bc94c9218cd828181d7,2026-08-16 22:49:59.000 UTC,2,70,131.684,11475.4,1
0x4e0618aa6883b756b52de2192402f122ffd7d685,2026-08-16 23:25:47.000 UTC,3,70,129.941,11399.2,1
0x4edc23bff05bd48e6d9c452454643058871ddd92,2026-08-16 22:42:35.000 UTC,2,70,132.041,11490.9,1
0xf1ddbc9db3f5db20e5f5a0f1156f9bb0b6e4d316,2026-08-16 23:26:47.000 UTC,3,70,129.892,11397,1
0x66333aa493545ebe2c6a137044766d7ce2ebd956,2026-08-16 23:12:23.000 UTC,3,70,130.592,11427.7,1
0xaab60fcae970da078a18e165d0e6f9f570731a14,2026-08-16 22:27:23.000 UTC,2,70,132.783,11523.2,1
0x23991d8eec6b36d883fd7cb3a7ea3cb3c7d201ac,2026-08-16 23:07:47.000 UTC,3,70,130.816,11437.5,1
0xc49b8bc5caa6b961adcd492f447aab25328fda6f,2026-08-16 22:45:59.000 UTC,2,70,131.873,11483.6,1
0xdfcce30c2a6632c815af18a8200260dba5b93ad3,2026-08-16 23:27:35.000 UTC,3,70,129.85,11395.2,1
0x0e805674c294cab3597666429f438639f54f8a43,2026-08-16 23:39:35.000 UTC,3,70,129.269,11369.7,1
0x4e2380d8a96e1f370c258e002b15405fe94ee32b,2026-08-17 15:17:35.000 UTC,19,69,82.0094,9055.9,3
0x4ac4a33101abb2aa21167de2b881429b915818a3,2026-08-16 20:41:35.000 UTC,0,63.5,125.0828,11184,2
0xd03da4452bf9478c67a54c56d46678d55a8d9483,2026-08-16 21:33:35.000 UTC,1,62,119.9204,10950.8,1
0x00000000000a5c3aff42542a5f110c50db3c9206,2026-08-17 14:09:47.000 UTC,18,61,75.5072,8689.5,5
0x7f78c53cfbb7c43627f3f9e1cec119e9bafc62c6,2026-08-16 20:50:47.000 UTC,0,60,117.834,10855.1,1
0xf0f9d2d136e414ab6e73175d67fe73e87351ca4e,2026-08-16 20:51:59.000 UTC,0,60,117.786,10852.9,1
0x454dfa08059be8e099b5abd4eae322aa5446a103,2026-08-16 20:48:23.000 UTC,0,60,117.936,10859.8,1
0x9624155ef10797206224eea2256849dc3c468554,2026-08-16 20:52:35.000 UTC,0,60,117.762,10851.8,1
0x9e6d507bbe988cf6b04f761ebdd56a13486a3554,2026-08-16 20:50:11.000 UTC,0,60,117.864,10856.5,1
0xac0b17cb215403425600b24a0e354384f2682d32,2026-08-16 20:48:59.000 UTC,0,60,117.912,10858.7,1
0x9d20ba0c32e83a412960b53b2b55957aad3664da,2026-08-16 20:53:23.000 UTC,0,60,117.726,10850.2,1
0xbc87ca75ee832c4d6894790958ba8c9d3b48beb6,2026-08-16 20:47:47.000 UTC,0,60,117.96,10860.9,1
0xb4e17b37122ecc03385ae090c5040fea8555e471,2026-08-16 21:59:35.000 UTC,2,60,114.972,10722.5,1
0x392a66191156b087ec8c185b1fbb21e9b6d963e4,2026-08-16 20:52:59.000 UTC,0,60,117.744,10851,1
0xd99f65c8952044f84d482509647b192c70c86a04,2026-08-17 06:25:11.000 UTC,10,59.7,93.4305,9665.9,1
0xb6beb9cbeae6d96464711416b00374df35470881,2026-08-18 08:02:23.000 UTC,36,59,59,7681.1,3
0x6490077d2da557a239384b685437940adf77c7c4,2026-08-17 11:20:35.000 UTC,15,56.3,76.5624,8750,1
0x00ae3db5418f6eac5305e72ecc853838e9ed3837,2026-08-17 11:30:11.000 UTC,15,56.2,76.0498,8720.7,1
0x6c5d323a0a1468db7da54f63eada691e43b8f8a7,2026-08-17 03:46:11.000 UTC,7,54.7574,91.5492,9568.1,3
0xfb0d8b94027c5109ae89c5f08b025cc598cf6f49,2026-08-16 20:16:23.000 UTC,0,53.7,103.6578,10181.2,3
0x747a69daed499fac1f9661427cc9a0e3f31746f3,2026-08-17 16:42:35.000 UTC,20,52.8,59.9175,7740.6,2
0xdbd62b8115f0c4065ce4eeb77d9296cb7bfc3913,2026-08-17 03:25:47.000 UTC,7,51,86.0783,9277.8,3
0xc174ec23b7a9765871839cfa9c872123c9b794f2,2026-08-16 20:55:47.000 UTC,0,50.5,99.0052,9950.1,1
0x631f18e4192846574b05246f7349ba6b1e70a016,2026-08-16 22:38:35.000 UTC,2,50,94.275,9709.5,3
0xf64c68967e2be11cea427f0fa6ef18d569d057c6,2026-08-17 03:33:59.000 UTC,7,50,84.195,9175.8,1
0xbd9c944dcfb31cd24c81ebf1c974d950f44e42b8,2026-08-16 21:18:47.000 UTC,1,50,95.9443,9795.1,30
